sample_idx,is_drift,closest_family,real_label,min_distance,min_anomaly_score
0,N,2,2,107.29273666381005,0.535205784753658
1,N,4,4,32.771083700462945,0.3149645436357314
2,Y,5,7,1373.3107999848962,10.973290203318957
3,Y,5,7,1373.3107999848962,10.973290203318957
4,Y,5,7,1373.3107999848962,10.973290203318957
5,Y,5,7,1373.3107999848962,10.973290203318957
6,Y,5,7,1373.3107999848962,10.973290203318957
7,Y,5,7,1373.3107999848962,10.973290203318957
8,Y,5,7,1373.3107999848962,10.973290203318957
9,Y,5,7,1373.3107999848962,10.973290203318957
10,N,5,5,74.1570166777215,0.3518748656248483
11,Y,5,7,1373.3107999848962,10.973290203318957
12,Y,5,7,1373.3107999848962,10.973290203318957
13,Y,5,7,1373.3107999848962,10.973290203318957
14,Y,5,7,1373.3107999848962,10.973290203318957
15,Y,5,7,1373.3107999848962,10.973290203318957
16,Y,5,7,1373.3107999848962,10.973290203318957
17,Y,5,7,1373.3107999848962,10.973290203318957
18,Y,5,7,1373.3107999848962,10.973290203318957
19,N,3,2,132.69955659576308,0.7126596824022865
20,Y,5,7,1373.3107999848962,10.973290203318957
21,Y,5,7,1373.3107999848962,10.973290203318957
22,Y,5,7,1373.3107999848962,10.973290203318957
23,Y,5,7,1373.3107999848962,10.973290203318957
24,N,0,0,218.26358196801138,0.8978664038849754
25,Y,5,7,1373.3107999848962,10.973290203318957
26,Y,5,7,1373.3107999848962,10.973290203318957
27,Y,5,7,1373.3107999848962,10.973290203318957
28,Y,5,7,1373.3107999848962,10.973290203318957
29,Y,5,7,1373.3107999848962,10.973290203318957
30,Y,5,7,1373.3107999848962,10.973290203318957
31,N,4,4,26.83834750252213,0.11360259804350128
32,Y,5,7,1373.3107999848962,10.973290203318957
33,Y,5,7,1373.3107999848962,10.973290203318957
34,N,5,5,87.17989932989857,0.02015163898328797
35,N,4,4,15.987965415184624,0.8974091052183497
36,N,0,0,537.8290764598763,1.5422795009855406
37,Y,4,4,151.62586033974532,8.900758720174478
38,N,0,0,272.26327150302706,0.4855342730563071
39,Y,5,7,1373.3107999848962,10.973290203318957
40,N,0,0,307.9882730326881,0.2127444453475635
41,N,4,4,37.47353871418251,0.6546590179668949
42,N,5,5,41.11560166338556,1.2957735755648672
43,Y,5,7,1373.3107999848962,10.973290203318957
44,N,4,4,17.370222666524327,0.797558038272602
45,Y,5,7,1373.3107999848962,10.973290203318957
46,N,0,0,662.6365748410017,2.4952876051805615
47,Y,5,7,1373.3107999848962,10.973290203318957
48,Y,5,7,1373.3107999848962,10.973290203318957
49,N,5,5,87.17989932989857,0.02015163898328797
50,N,5,5,110.0852070844868,0.6744907594765952
51,Y,5,7,1373.3107999848962,10.973290203318957
52,N,0,0,289.6946087835848,0.35243164772686153
53,Y,5,7,1373.3107999848962,10.973290203318957
54,N,1,1,40.56193483362861,1.1552852078248352
55,Y,5,7,1373.3107999848962,10.973290203318957
56,Y,5,7,1373.3107999848962,10.973290203318957
57,N,0,0,204.74825677642158,1.0010670497234475
58,N,4,4,54.022170595287044,1.8500939113047132
59,Y,5,7,1373.3107999848962,10.973290203318957
60,Y,5,7,1373.3107999848962,10.973290203318957
61,Y,5,7,1373.3107999848962,10.973290203318957
62,Y,5,7,1373.3107999848962,10.973290203318957
63,Y,5,7,1373.3107999848962,10.973290203318957
64,Y,5,7,1373.3107999848962,10.973290203318957
65,Y,5,7,1373.3107999848962,10.973290203318957
66,N,2,2,81.64690802464524,0.9492458210820981
67,N,5,5,135.36525558400615,1.3966694299592097
68,Y,5,7,1373.3107999848962,10.973290203318957
69,N,4,4,15.757508780947282,0.9140567594744744
70,Y,5,7,1373.3107999848962,10.973290203318957
71,N,5,5,41.11560166338556,1.2957735755648672
72,Y,5,7,1373.3107999848962,10.973290203318957
73,Y,5,7,1373.3107999848962,10.973290203318957
74,Y,5,7,1373.3107999848962,10.973290203318957
75,Y,5,7,1373.3107999848962,10.973290203318957
76,Y,5,7,1373.3107999848962,10.973290203318957
77,Y,5,7,1373.3107999848962,10.973290203318957
78,N,0,0,279.5315723455889,0.4300348063052253
79,N,6,6,39.98012738480184,1.223436556456433
80,Y,5,7,1373.3107999848962,10.973290203318957
81,N,4,4,28.55077916319043,0.01009950460322702
82,Y,5,7,1373.3107999848962,10.973290203318957
83,Y,5,7,1373.3107999848962,10.973290203318957
84,Y,5,7,1373.3107999848962,10.973290203318957
85,Y,5,7,1373.3107999848962,10.973290203318957
86,Y,5,7,1373.3107999848962,10.973290203318957
87,Y,5,7,1373.3107999848962,10.973290203318957
88,Y,5,7,1373.3107999848962,10.973290203318957
89,Y,5,7,1373.3107999848962,10.973290203318957
90,N,5,5,85.76907280825156,0.02015163898328797
91,Y,5,7,1373.3107999848962,10.973290203318957
92,Y,5,7,1373.3107999848962,10.973290203318957
93,N,4,4,20.18812345478728,0.5939994025826019
94,N,4,4,61.44739649560407,2.3864750572464426
95,Y,5,7,1373.3107999848962,10.973290203318957
96,Y,5,7,1373.3107999848962,10.973290203318957
97,Y,5,7,1373.3107999848962,10.973290203318957
98,Y,5,7,1373.3107999848962,10.973290203318957
99,N,1,1,119.08311847227006,0.21732662146905457
100,Y,5,7,1373.3107999848962,10.973290203318957
101,Y,5,7,1373.3107999848962,10.973290203318957
102,N,3,3,66.65361285416054,1.3461266600363568
103,Y,5,7,1373.3107999848962,10.973290203318957
104,Y,5,7,1373.3107999848962,10.973290203318957
105,N,6,6,7.596877408417005,1.260349218777486
106,Y,5,7,1373.3107999848962,10.973290203318957
107,N,3,3,104.96588127296536,0.151855361906749
108,Y,5,7,1373.3107999848962,10.973290203318957
109,N,4,4,29.6874941586471,0.09221316687526175
110,Y,5,7,1373.3107999848962,10.973290203318957
111,Y,5,7,1373.3107999848962,10.973290203318957
112,Y,5,7,1373.3107999848962,10.973290203318957
113,N,3,3,68.62872048798191,1.284558539558485
114,Y,5,7,1373.3107999848962,10.973290203318957
115,Y,5,7,1373.3107999848962,10.973290203318957
116,Y,5,7,1373.3107999848962,10.973290203318957
117,Y,5,7,1373.3107999848962,10.973290203318957
118,Y,5,7,1373.3107999848962,10.973290203318957
119,N,5,5,126.53587078472343,1.144439163247236
120,N,3,3,106.37941307127184,0.10779270194474143
121,Y,5,7,1373.3107999848962,10.973290203318957
122,Y,5,7,1373.3107999848962,10.973290203318957
123,Y,5,7,1373.3107999848962,10.973290203318957
124,Y,5,7,1373.3107999848962,10.973290203318957
125,Y,5,7,1373.3107999848962,10.973290203318957
126,Y,5,7,1373.3107999848962,10.973290203318957
127,Y,5,7,1373.3107999848962,10.973290203318957
128,Y,5,7,1373.3107999848962,10.973290203318957
129,Y,5,7,1373.3107999848962,10.973290203318957
130,N,0,0,155.37269597792172,1.3780901468970748
131,Y,5,7,1373.3107999848962,10.973290203318957
132,N,4,4,31.87847521354434,0.2504845709698126
133,N,5,5,78.95403096461496,0.21483788960557007
134,Y,5,7,1373.3107999848962,10.973290203318957
135,Y,5,7,1373.3107999848962,10.973290203318957
136,Y,5,7,1373.3107999848962,10.973290203318957
137,Y,3,3,457.52402824832853,10.838098854632722
138,N,0,0,182.4021022460789,1.1716983550636038
139,Y,5,7,1373.3107999848962,10.973290203318957
140,Y,5,7,1373.3107999848962,10.973290203318957
141,Y,5,7,1373.3107999848962,10.973290203318957
142,N,3,3,90.83936953845652,0.5922074528556177
143,Y,5,7,1373.3107999848962,10.973290203318957
144,Y,5,7,1373.3107999848962,10.973290203318957
145,Y,5,7,1373.3107999848962,10.973290203318957
146,N,0,0,464.9104314146119,0.9854855536952196
147,N,0,0,326.1936696231669,0.07373123928337935
148,N,5,5,101.96154113544796,0.4424208615634919
149,Y,5,7,1373.3107999848962,10.973290203318957
150,Y,5,7,1373.3107999848962,10.973290203318957
151,Y,5,7,1373.3107999848962,10.973290203318957
152,Y,5,7,1373.3107999848962,10.973290203318957
153,Y,5,7,1373.3107999848962,10.973290203318957
154,N,0,0,297.1008037578556,0.2958792456414117
155,Y,5,7,1373.3107999848962,10.973290203318957
156,N,2,2,117.64811770964916,0.3680229494965284
157,Y,5,7,1373.3107999848962,10.973290203318957
158,N,0,0,753.7586009915027,3.1910793686442775
159,Y,5,7,1373.3107999848962,10.973290203318957
160,Y,5,7,1373.3107999848962,10.973290203318957
161,Y,5,7,1373.3107999848962,10.973290203318957
162,N,0,0,284.232028742969,0.3941429480577403
163,N,3,3,116.77268576065501,0.21618673803204316
164,Y,5,7,1373.3107999848962,10.973290203318957
165,Y,5,7,1373.3107999848962,10.973290203318957
166,Y,5,7,1373.3107999848962,10.973290203318957
167,Y,5,7,1373.3107999848962,10.973290203318957
168,Y,5,7,1373.3107999848962,10.973290203318957
169,N,4,4,25.86803177117882,0.18369596232498261
170,Y,5,7,1373.3107999848962,10.973290203318957
171,Y,5,7,1373.3107999848962,10.973290203318957
172,Y,5,7,1373.3107999848962,10.973290203318957
173,Y,5,7,1373.3107999848962,10.973290203318957
174,Y,5,7,1373.3107999848962,10.973290203318957
175,N,0,0,160.12896051311563,1.3417721475258073
176,Y,5,7,1373.3107999848962,10.973290203318957
177,Y,5,7,1373.3107999848962,10.973290203318957
178,Y,5,7,1373.3107999848962,10.973290203318957
179,N,0,0,377.1358770557399,0.3152544960173442
180,Y,5,7,1373.3107999848962,10.973290203318957
181,Y,5,7,1373.3107999848962,10.973290203318957
182,Y,5,7,1373.3107999848962,10.973290203318957
183,N,2,2,200.7526649207969,0.9736615104009914
184,Y,5,7,1373.3107999848962,10.973290203318957
185,Y,5,7,1373.3107999848962,10.973290203318957
186,Y,5,7,1373.3107999848962,10.973290203318957
187,Y,5,7,1373.3107999848962,10.973290203318957
188,Y,3,3,478.5141648044401,10.088091725154843
189,Y,5,7,1373.3107999848962,10.973290203318957
190,N,4,4,40.3629867685035,0.8633860626820758
191,Y,5,7,1373.3107999848962,10.973290203318957
192,N,5,5,87.17989932989857,0.02015163898328797
193,Y,3,3,335.1083844256128,7.022154357131545
194,N,4,4,51.38706104113413,1.6597396916064018
195,Y,5,7,1373.3107999848962,10.973290203318957
196,N,5,5,58.69460164564833,0.7935918318927455
197,N,4,4,46.32084130240689,1.2937676948574404
198,Y,3,3,328.200871587836,6.806833138522375
199,Y,5,7,1373.3107999848962,10.973290203318957
200,N,5,5,74.1570166777215,0.3518748656248483
201,Y,5,7,1373.3107999848962,10.973290203318957
202,Y,5,7,1373.3107999848962,10.973290203318957
203,Y,5,7,1373.3107999848962,10.973290203318957
204,Y,5,7,1373.3107999848962,10.973290203318957
205,N,5,5,87.17989932989857,0.02015163898328797
206,Y,5,7,1373.3107999848962,10.973290203318957
207,Y,5,7,1373.3107999848962,10.973290203318957
208,Y,5,7,1373.3107999848962,10.973290203318957
209,N,4,4,37.91105932824201,0.6862644952268317
210,Y,5,7,1373.3107999848962,10.973290203318957
211,N,6,6,26.77304904058898,0.2104575210700061
212,Y,5,7,1373.3107999848962,10.973290203318957
213,Y,5,7,1373.3107999848962,10.973290203318957
214,Y,5,7,1373.3107999848962,10.973290203318957
215,Y,5,7,1373.3107999848962,10.973290203318957
216,N,0,0,307.3888472912436,0.21732155487118548
217,Y,5,7,1373.3107999848962,10.973290203318957
218,N,0,0,394.2059992805225,0.4455989467180528
219,Y,5,7,1373.3107999848962,10.973290203318957
220,N,4,4,17.811245117265493,0.7656995964298459
221,Y,5,7,1373.3107999848962,10.973290203318957
222,N,0,0,191.56129752625375,1.1017603509922758
223,N,4,4,30.68623821992942,0.16436012796236288
224,N,1,1,90.10409110536492,0.28924948859445354
225,Y,5,7,1373.3107999848962,10.973290203318957
226,Y,5,7,1373.3107999848962,10.973290203318957
227,Y,5,7,1373.3107999848962,10.973290203318957
228,N,4,4,27.54142920004157,0.06281360230533357
229,N,4,4,22.194311298049975,0.44907703270592697
230,Y,5,7,1373.3107999848962,10.973290203318957
231,Y,5,7,1373.3107999848962,10.973290203318957
232,Y,5,7,1373.3107999848962,10.973290203318957
233,Y,5,7,1373.3107999848962,10.973290203318957
234,Y,5,7,1373.3107999848962,10.973290203318957
235,Y,5,7,1373.3107999848962,10.973290203318957
236,N,1,1,118.24822575647964,0.20273204246781198
237,Y,3,3,467.52389668548494,10.922150186792322
238,Y,5,7,1373.3107999848962,10.973290203318957
239,Y,5,7,1373.3107999848962,10.973290203318957
240,N,1,1,93.62727344024219,0.22766150016234887
241,Y,5,7,1373.3107999848962,10.973290203318957
242,Y,5,7,1373.3107999848962,10.973290203318957
243,Y,5,7,1373.3107999848962,10.973290203318957
244,Y,5,7,1373.3107999848962,10.973290203318957
245,N,6,6,13.234802328491156,0.8279220310020512
246,N,5,5,138.8448576082372,1.496071706173813
247,Y,5,7,1373.3107999848962,10.973290203318957
248,Y,5,7,1373.3107999848962,10.973290203318957
249,Y,5,7,1373.3107999848962,10.973290203318957
250,Y,5,7,1373.3107999848962,10.973290203318957
251,N,3,3,55.227132680274934,1.7023132778880048
252,Y,5,7,1373.3107999848962,10.973290203318957
253,N,4,4,32.90878055874946,0.3249114462124119
254,N,4,4,36.719451395809486,0.6001854941443026
255,Y,5,7,1373.3107999848962,10.973290203318957
256,Y,5,7,1373.3107999848962,10.973290203318957
257,N,5,5,78.95403096461496,0.21483788960557007
258,N,3,3,118.9188244369856,0.28308624382297315
259,Y,5,7,1373.3107999848962,10.973290203318957
260,Y,5,7,1373.3107999848962,10.973290203318957
261,Y,3,3,462.1515897715536,10.982349355467175
262,Y,5,7,1373.3107999848962,10.973290203318957
263,Y,5,7,1373.3107999848962,10.973290203318957
264,N,6,6,11.392538451432973,0.969223130039401
265,Y,5,7,1373.3107999848962,10.973290203318957
266,Y,5,7,1373.3107999848962,10.973290203318957
267,N,0,0,287.2565198207747,0.37104846619085385
268,Y,5,7,1373.3107999848962,10.973290203318957
269,N,5,5,41.11560166338556,1.2957735755648672
270,Y,5,7,1373.3107999848962,10.973290203318957
271,Y,5,7,1373.3107999848962,10.973290203318957
272,N,0,0,241.6632429792834,0.7191907083665806
273,Y,5,7,1373.3107999848962,10.973290203318957
274,N,4,4,27.767862589059856,0.046456577978853185
275,Y,5,7,1373.3107999848962,10.973290203318957
276,N,4,4,21.17364231694403,0.5228077992930297
277,Y,5,7,1373.3107999848962,10.973290203318957
278,N,5,5,74.1570166777215,0.3518748656248483
279,Y,5,7,1373.3107999848962,10.973290203318957
280,Y,5,7,1373.3107999848962,10.973290203318957
281,N,0,0,312.2164577462608,0.18045877060578308
282,Y,5,7,1373.3107999848962,10.973290203318957
283,N,5,5,87.17989932989857,0.02015163898328797
284,Y,5,7,1373.3107999848962,10.973290203318957
285,Y,5,7,1373.3107999848962,10.973290203318957
286,Y,5,7,1373.3107999848962,10.973290203318957
287,N,6,6,29.839721279102044,0.44567038231395467
288,N,0,0,283.5735796360204,0.39917074961823473
289,N,6,6,22.58110897101001,0.1110630527774641
290,Y,5,7,1373.3107999848962,10.973290203318957
291,Y,5,7,1373.3107999848962,10.973290203318957
292,N,5,5,41.11560166338556,1.2957735755648672
293,Y,5,7,1373.3107999848962,10.973290203318957
294,Y,5,7,1373.3107999848962,10.973290203318957
295,N,5,5,135.36525558400615,1.3966694299592097
296,Y,5,7,1373.3107999848962,10.973290203318957
297,N,4,4,48.270511949688206,1.4346073932096555
298,Y,5,7,1373.3107999848962,10.973290203318957
299,Y,5,7,1373.3107999848962,10.973290203318957
300,N,1,1,169.934774210285,1.1062534176620555
301,N,6,6,55.01059245796608,2.3762688191570542
302,Y,5,7,1373.3107999848962,10.973290203318957
303,Y,5,7,1373.3107999848962,10.973290203318957
304,Y,5,7,1373.3107999848962,10.973290203318957
305,Y,5,7,1373.3107999848962,10.973290203318957
306,Y,5,7,1373.3107999848962,10.973290203318957
307,N,0,0,242.49305096319463,0.7128544405633577
308,Y,5,7,1373.3107999848962,10.973290203318957
309,Y,5,7,1373.3107999848962,10.973290203318957
310,Y,3,3,305.93096878435836,6.1126349918713885
311,Y,5,7,1373.3107999848962,10.973290203318957
312,Y,5,7,1373.3107999848962,10.973290203318957
313,Y,5,7,1373.3107999848962,10.973290203318957
314,Y,5,7,1373.3107999848962,10.973290203318957
315,Y,5,7,1373.3107999848962,10.973290203318957
316,Y,5,7,1373.3107999848962,10.973290203318957
317,N,5,5,41.11560166338556,1.2957735755648672
318,N,0,0,280.9050280733545,0.419547339956716
319,Y,5,7,1373.3107999848962,10.973290203318957
320,Y,5,7,1373.3107999848962,10.973290203318957
321,N,0,0,414.2080314072005,0.5983309457112804
322,N,5,5,74.1570166777215,0.3518748656248483
323,N,0,0,287.4375336682557,0.369666276291541
324,N,5,5,41.11560166338556,1.2957735755648672
325,Y,5,7,1373.3107999848962,10.973290203318957
326,N,6,6,22.271768937508952,0.13478934261806422
327,Y,5,7,1373.3107999848962,10.973290203318957
328,N,5,5,85.76907280825156,0.02015163898328797
329,Y,5,7,1373.3107999848962,10.973290203318957
330,N,3,3,172.56823253508682,1.955447367231578
331,Y,5,7,1373.3107999848962,10.973290203318957
332,Y,5,7,1373.3107999848962,10.973290203318957
333,Y,5,7,1373.3107999848962,10.973290203318957
334,N,0,0,236.1989940724001,0.7609147518667275
335,Y,5,7,1373.3107999848962,10.973290203318957
336,N,4,4,27.19269682753403,0.08800522234541702
337,N,0,0,340.9137891575862,0.038669004235503394
338,N,3,2,110.89467986110546,0.03295734374687109
339,Y,5,7,1373.3107999848962,10.973290203318957
340,N,1,1,166.94489976164908,1.0539880690500458
341,Y,5,7,1373.3107999848962,10.973290203318957
342,Y,5,7,1373.3107999848962,10.973290203318957
343,Y,5,7,1373.3107999848962,10.973290203318957
344,N,6,6,35.97160941619283,0.9159844039559532
345,Y,5,7,1373.3107999848962,10.973290203318957
346,Y,5,7,1373.3107999848962,10.973290203318957
347,Y,5,7,1373.3107999848962,10.973290203318957
348,Y,5,7,1373.3107999848962,10.973290203318957
349,Y,5,7,1373.3107999848962,10.973290203318957
350,Y,5,7,1373.3107999848962,10.973290203318957
351,Y,5,7,1373.3107999848962,10.973290203318957
352,N,6,6,12.744271264489628,0.8655456197390015
353,Y,5,7,1373.3107999848962,10.973290203318957
354,Y,5,7,1373.3107999848962,10.973290203318957
355,N,3,3,117.03383664957046,0.22432734217752037
356,N,5,5,83.5664011397685,0.08307566767275291
357,Y,5,7,1373.3107999848962,10.973290203318957
358,Y,5,7,1373.3107999848962,10.973290203318957
359,Y,5,7,1373.3107999848962,10.973290203318957
360,Y,5,7,1373.3107999848962,10.973290203318957
361,N,5,5,74.1570166777215,0.3518748656248483
362,N,5,5,40.05155122648514,1.3261704527647589
363,Y,5,7,1373.3107999848962,10.973290203318957
364,N,3,3,90.69651960829835,0.5966603756025255
365,Y,5,7,1373.3107999848962,10.973290203318957
366,Y,5,7,1373.3107999848962,10.973290203318957
367,N,4,4,22.98158191158497,0.39220642438731396
368,Y,5,7,1373.3107999848962,10.973290203318957
369,Y,5,7,1373.3107999848962,10.973290203318957
370,Y,5,7,1373.3107999848962,10.973290203318957
371,Y,5,7,1373.3107999848962,10.973290203318957
372,Y,5,7,1373.3107999848962,10.973290203318957
373,Y,5,7,1373.3107999848962,10.973290203318957
374,Y,5,7,1373.3107999848962,10.973290203318957
375,Y,5,7,1373.3107999848962,10.973290203318957
376,Y,5,7,1373.3107999848962,10.973290203318957
377,N,0,0,382.8133230375846,0.358606474880865
378,Y,5,7,1373.3107999848962,10.973290203318957
379,Y,5,7,1373.3107999848962,10.973290203318957
380,Y,5,7,1373.3107999848962,10.973290203318957
381,Y,5,7,1373.3107999848962,10.973290203318957
382,Y,5,7,1373.3107999848962,10.973290203318957
383,N,1,1,105.90538376034371,0.013030509061839281
384,N,5,5,83.5664011397685,0.08307566767275291
385,Y,5,7,1373.3107999848962,10.973290203318957
386,Y,5,7,1373.3107999848962,10.973290203318957
387,Y,5,7,1373.3107999848962,10.973290203318957
388,Y,5,7,1373.3107999848962,10.973290203318957
389,Y,5,7,1373.3107999848962,10.973290203318957
390,Y,5,7,1373.3107999848962,10.973290203318957
391,Y,5,7,1373.3107999848962,10.973290203318957
392,Y,5,7,1373.3107999848962,10.973290203318957
393,N,0,0,204.7515159982717,1.0010421628786919
394,Y,5,7,1373.3107999848962,10.973290203318957
395,Y,5,7,1373.3107999848962,10.973290203318957
396,N,3,3,61.779561739399135,1.4980607425695402
397,Y,5,7,1373.3107999848962,10.973290203318957
398,N,2,2,203.23935919606524,1.013808038811366
399,N,2,2,112.13782011149019,0.4569841544481247
400,N,1,1,147.90438000074997,0.7211448610313037
401,Y,5,7,1373.3107999848962,10.973290203318957
402,N,0,0,420.15517524584754,0.6437422899699138
403,Y,5,7,1373.3107999848962,10.973290203318957
404,Y,5,7,1373.3107999848962,10.973290203318957
405,Y,5,7,1373.3107999848962,10.973290203318957
406,N,6,6,24.581430752144552,0.04236104114441483
407,Y,5,7,1373.3107999848962,10.973290203318957
408,Y,5,7,1373.3107999848962,10.973290203318957
409,Y,5,7,1373.3107999848962,10.973290203318957
410,Y,5,7,1373.3107999848962,10.973290203318957
411,Y,5,7,1373.3107999848962,10.973290203318957
412,Y,5,7,1373.3107999848962,10.973290203318957
413,Y,5,7,1373.3107999848962,10.973290203318957
414,N,6,6,9.855531772957377,1.0871110914769082
415,Y,5,7,1373.3107999848962,10.973290203318957
416,Y,5,7,1373.3107999848962,10.973290203318957
417,Y,5,7,1373.3107999848962,10.973290203318957
418,N,4,4,26.686393580336276,0.1245793979424658
419,Y,5,7,1373.3107999848962,10.973290203318957
420,Y,5,7,1373.3107999848962,10.973290203318957
421,Y,5,7,1373.3107999848962,10.973290203318957
422,Y,5,7,1373.3107999848962,10.973290203318957
423,Y,6,6,146.60048241092457,9.401186515382507
424,Y,5,7,1373.3107999848962,10.973290203318957
425,Y,5,7,1373.3107999848962,10.973290203318957
426,Y,5,7,1373.3107999848962,10.973290203318957
427,Y,5,7,1373.3107999848962,10.973290203318957
428,Y,5,7,1373.3107999848962,10.973290203318957
429,Y,5,7,1373.3107999848962,10.973290203318957
430,Y,5,7,1373.3107999848962,10.973290203318957
431,Y,5,7,1373.3107999848962,10.973290203318957
432,N,6,6,15.315301429184927,0.6683483601858574
433,Y,5,7,1373.3107999848962,10.973290203318957
434,N,3,3,58.27047900647501,1.607445985564876
435,Y,5,7,1373.3107999848962,10.973290203318957
436,Y,5,7,1373.3107999848962,10.973290203318957
437,Y,5,7,1373.3107999848962,10.973290203318957
438,Y,5,7,1373.3107999848962,10.973290203318957
439,Y,5,7,1373.3107999848962,10.973290203318957
440,Y,5,7,1373.3107999848962,10.973290203318957
441,N,4,4,53.77399936554374,1.8321665956396371
442,Y,5,7,1373.3107999848962,10.973290203318957
443,Y,5,7,1373.3107999848962,10.973290203318957
444,N,0,0,239.47909519234426,0.7358684766794773
445,Y,5,7,1373.3107999848962,10.973290203318957
446,Y,0,0,909.5523456908529,4.380692999293126
447,N,3,3,58.46959828366272,1.6012390328715482
448,Y,5,7,1373.3107999848962,10.973290203318957
449,Y,5,7,1373.3107999848962,10.973290203318957
450,Y,5,7,1373.3107999848962,10.973290203318957
451,N,0,0,369.66424891262164,0.25820245776416706
452,N,6,6,23.207180366404792,0.06304356037641119
453,N,6,6,17.115994837814217,0.5302357038844528
454,Y,5,7,1373.3107999848962,10.973290203318957
455,N,0,0,364.7301589832202,0.22052661496193882
456,Y,5,7,1373.3107999848962,10.973290203318957
457,Y,5,7,1373.3107999848962,10.973290203318957
458,Y,5,7,1373.3107999848962,10.973290203318957
459,Y,5,7,1373.3107999848962,10.973290203318957
460,Y,5,7,1373.3107999848962,10.973290203318957
461,Y,5,7,1373.3107999848962,10.973290203318957
462,Y,5,7,1373.3107999848962,10.973290203318957
463,N,4,4,57.98118823420717,2.1360841891058007
464,Y,5,7,1373.3107999848962,10.973290203318957
465,Y,5,7,1373.3107999848962,10.973290203318957
466,N,0,0,572.0590017877254,1.8036531897988073
467,Y,5,7,1373.3107999848962,10.973290203318957
468,Y,5,7,1373.3107999848962,10.973290203318957
469,Y,5,7,1373.3107999848962,10.973290203318957
470,Y,5,7,1373.3107999848962,10.973290203318957
471,Y,5,7,1373.3107999848962,10.973290203318957
472,Y,5,7,1373.3107999848962,10.973290203318957
473,Y,5,7,1373.3107999848962,10.973290203318957
474,Y,5,7,1373.3107999848962,10.973290203318957
475,N,2,2,106.35168084873156,0.5503986954349358
476,Y,5,7,1373.3107999848962,10.973290203318957
477,Y,5,7,1373.3107999848962,10.973290203318957
478,N,2,2,168.0991174597564,0.4464850963632368
479,Y,5,7,1373.3107999848962,10.973290203318957
480,Y,5,7,1373.3107999848962,10.973290203318957
481,N,1,1,50.48881601108551,0.9817555448630716
482,Y,5,7,1373.3107999848962,10.973290203318957
483,Y,5,7,1373.3107999848962,10.973290203318957
484,Y,5,7,1373.3107999848962,10.973290203318957
485,Y,5,7,1373.3107999848962,10.973290203318957
486,N,4,4,44.92081792998103,1.1926332444139962
487,Y,5,7,1373.3107999848962,10.973290203318957
488,N,4,4,30.23127705862477,0.13149478590601543
489,N,3,3,70.50914788385398,1.2259417945890239
490,Y,5,7,1373.3107999848962,10.973290203318957
491,Y,5,7,1373.3107999848962,10.973290203318957
492,Y,5,7,1373.3107999848962,10.973290203318957
493,Y,5,7,1373.3107999848962,10.973290203318957
494,Y,5,7,1373.3107999848962,10.973290203318957
495,Y,5,7,1373.3107999848962,10.973290203318957
496,Y,5,7,1373.3107999848962,10.973290203318957
497,Y,5,7,1373.3107999848962,10.973290203318957
498,Y,5,7,1373.3107999848962,10.973290203318957
499,Y,5,7,1373.3107999848962,10.973290203318957
500,Y,5,7,1373.3107999848962,10.973290203318957
501,Y,5,7,1373.3107999848962,10.973290203318957
502,N,4,4,23.661769634436517,0.3430712364298633
503,Y,5,7,1373.3107999848962,10.973290203318957
504,Y,5,7,1373.3107999848962,10.973290203318957
505,Y,5,7,1373.3107999848962,10.973290203318957
506,Y,5,7,1373.3107999848962,10.973290203318957
507,N,0,0,410.11871453806043,0.5671056414029515
508,N,1,1,194.08339474665217,1.5283902306002006
509,N,2,2,299.8766651824139,2.5739726271439434
510,N,0,0,215.81852598011295,0.9165364213270537
511,Y,5,7,1373.3107999848962,10.973290203318957
512,Y,5,7,1373.3107999848962,10.973290203318957
513,N,6,6,16.990507759696204,0.5398605259709476
514,Y,5,7,1373.3107999848962,10.973290203318957
515,Y,5,7,1373.3107999848962,10.973290203318957
516,N,2,2,146.5535248134888,0.09864147284486137
517,Y,5,7,1373.3107999848962,10.973290203318957
518,Y,5,7,1373.3107999848962,10.973290203318957
519,N,1,1,158.42035326730758,0.9049723153988143
520,Y,5,7,1373.3107999848962,10.973290203318957
521,Y,5,7,1373.3107999848962,10.973290203318957
522,Y,5,7,1373.3107999848962,10.973290203318957
523,Y,5,7,1373.3107999848962,10.973290203318957
524,Y,5,7,1373.3107999848962,10.973290203318957
525,Y,5,7,1373.3107999848962,10.973290203318957
526,Y,5,7,1373.3107999848962,10.973290203318957
527,Y,5,7,1373.3107999848962,10.973290203318957
528,N,4,4,18.037756175931335,0.7493369614276607
529,Y,5,7,1373.3107999848962,10.973290203318957
530,N,5,5,41.11560166338556,1.2957735755648672
531,Y,5,7,1373.3107999848962,10.973290203318957
532,Y,5,7,1373.3107999848962,10.973290203318957
533,N,6,6,32.49550622144353,0.649368308454122
534,Y,5,7,1373.3107999848962,10.973290203318957
535,Y,5,7,1373.3107999848962,10.973290203318957
536,Y,5,7,1373.3107999848962,10.973290203318957
537,N,4,4,27.235605059343605,0.08490563091785232
538,N,0,0,367.83257893745326,0.24421614802165767
539,Y,5,7,1373.3107999848962,10.973290203318957
540,Y,5,7,1373.3107999848962,10.973290203318957
541,Y,5,7,1373.3107999848962,10.973290203318957
542,N,3,3,114.43764904306983,0.1433988962523068
543,Y,5,7,1373.3107999848962,10.973290203318957
544,Y,5,7,1373.3107999848962,10.973290203318957
545,Y,5,7,1373.3107999848962,10.973290203318957
546,N,6,6,9.593082711764378,1.1072408574945265
547,Y,5,7,1373.3107999848962,10.973290203318957
548,Y,5,7,1373.3107999848962,10.973290203318957
549,Y,5,7,1373.3107999848962,10.973290203318957
550,N,4,4,27.21346517498152,0.08650496495894143
551,N,3,3,86.43125830328466,0.7296172420537024
552,N,1,1,246.6273186810305,2.4468992011444692
553,Y,5,7,1373.3107999848962,10.973290203318957
554,Y,5,7,1373.3107999848962,10.973290203318957
555,Y,5,7,1373.3107999848962,10.973290203318957
556,N,5,5,74.1570166777215,0.3518748656248483
557,N,4,4,18.094792878688484,0.7452167619352371
558,Y,5,7,1373.3107999848962,10.973290203318957
559,N,4,4,27.7679947462021,0.04644703125255121
560,Y,5,7,1373.3107999848962,10.973290203318957
561,Y,5,7,1373.3107999848962,10.973290203318957
562,Y,5,7,1373.3107999848962,10.973290203318957
563,N,1,1,85.96998894771332,0.36151683432393716
564,Y,5,7,1373.3107999848962,10.973290203318957
565,Y,5,7,1373.3107999848962,10.973290203318957
566,Y,5,7,1373.3107999848962,10.973290203318957
567,N,2,2,118.28066698221875,0.35781073418934656
568,N,4,4,56.45278053784109,2.0256755520287806
569,Y,5,7,1373.3107999848962,10.973290203318957
570,Y,5,7,1373.3107999848962,10.973290203318957
571,Y,5,7,1373.3107999848962,10.973290203318957
572,Y,5,7,1373.3107999848962,10.973290203318957
573,Y,5,7,1373.3107999848962,10.973290203318957
574,Y,5,7,1373.3107999848962,10.973290203318957
575,Y,5,7,1373.3107999848962,10.973290203318957
576,Y,5,7,1373.3107999848962,10.973290203318957
577,Y,5,7,1373.3107999848962,10.973290203318957
578,Y,5,7,1373.3107999848962,10.973290203318957
579,N,5,5,40.05155122648514,1.3261704527647589
580,Y,5,7,1373.3107999848962,10.973290203318957
581,N,5,5,87.17989932989857,0.02015163898328797
582,N,3,3,67.8441511799836,1.3090151599729496
583,Y,5,7,1373.3107999848962,10.973290203318957
584,Y,5,7,1373.3107999848962,10.973290203318957
585,Y,5,7,1373.3107999848962,10.973290203318957
586,Y,5,7,1373.3107999848962,10.973290203318957
587,N,2,2,88.75570307967732,0.8344776143593081
588,Y,5,7,1373.3107999848962,10.973290203318957
589,N,5,5,199.45162464642524,3.227433671033982
590,Y,5,7,1373.3107999848962,10.973290203318957
591,N,2,2,117.22824914591747,0.37480153317290665
592,N,3,3,133.42444286979222,0.7352558613081586
593,Y,5,7,1373.3107999848962,10.973290203318957
594,N,4,4,40.46342136609227,0.870641225726282
595,Y,5,7,1373.3107999848962,10.973290203318957
596,N,3,3,106.21284509422165,0.11298496443371785
597,Y,5,7,1373.3107999848962,10.973290203318957
598,Y,5,7,1373.3107999848962,10.973290203318957
599,Y,5,7,1373.3107999848962,10.973290203318957
600,Y,5,7,1373.3107999848962,10.973290203318957
601,Y,5,7,1373.3107999848962,10.973290203318957
602,N,0,0,146.28947360449007,1.4474480352160268
603,N,5,5,135.36525558400615,1.3966694299592097
604,N,5,5,58.69460164564833,0.7935918318927455
605,Y,5,7,1373.3107999848962,10.973290203318957
606,Y,5,7,1373.3107999848962,10.973290203318957
607,Y,3,3,484.7876971044705,10.62797846413623
608,Y,5,7,1373.3107999848962,10.973290203318957
609,Y,5,7,1373.3107999848962,10.973290203318957
610,N,4,4,30.44626752624306,0.14702520005580214
611,Y,5,7,1373.3107999848962,10.973290203318957
612,N,1,1,150.89537152022012,0.7734297369169759
613,Y,5,7,1373.3107999848962,10.973290203318957
614,Y,5,7,1373.3107999848962,10.973290203318957
615,Y,5,7,1373.3107999848962,10.973290203318957
616,Y,5,7,1373.3107999848962,10.973290203318957
617,Y,5,7,1373.3107999848962,10.973290203318957
618,Y,5,7,1373.3107999848962,10.973290203318957
619,Y,5,7,1373.3107999848962,10.973290203318957
620,Y,5,7,1373.3107999848962,10.973290203318957
621,Y,5,7,1373.3107999848962,10.973290203318957
622,Y,5,7,1373.3107999848962,10.973290203318957
623,Y,5,7,1373.3107999848962,10.973290203318957
624,N,5,5,101.96154113544796,0.4424208615634919
625,N,0,0,322.5916775873159,0.10123541688438659
626,N,3,3,115.8797417483637,0.1883518577514286
627,N,0,0,239.4505485250048,0.7360864540099674
628,Y,5,7,1373.3107999848962,10.973290203318957
629,Y,5,7,1373.3107999848962,10.973290203318957
630,Y,5,7,1373.3107999848962,10.973290203318957
631,Y,5,7,1373.3107999848962,10.973290203318957
632,N,0,0,591.9543966709324,1.9555709255582143
633,Y,5,7,1373.3107999848962,10.973290203318957
634,Y,5,7,1373.3107999848962,10.973290203318957
635,Y,5,7,1373.3107999848962,10.973290203318957
636,Y,5,7,1373.3107999848962,10.973290203318957
637,Y,5,7,1373.3107999848962,10.973290203318957
638,Y,5,7,1373.3107999848962,10.973290203318957
639,N,2,2,87.67293718256678,0.8519583687417268
640,Y,5,7,1373.3107999848962,10.973290203318957
641,N,4,4,11.452983474530788,1.2250057120837514
642,Y,5,7,1373.3107999848962,10.973290203318957
643,Y,5,7,1373.3107999848962,10.973290203318957
644,N,4,4,41.75032697986866,0.9636043109041691
645,Y,5,7,1373.3107999848962,10.973290203318957
646,Y,5,7,1373.3107999848962,10.973290203318957
647,Y,5,7,1373.3107999848962,10.973290203318957
648,Y,5,7,1373.3107999848962,10.973290203318957
649,Y,5,7,1373.3107999848962,10.973290203318957
650,N,5,5,110.0852070844868,0.6744907594765952
651,N,0,0,383.7904838140664,0.36606790268903183
652,Y,5,7,1373.3107999848962,10.973290203318957
653,Y,5,7,1373.3107999848962,10.973290203318957
654,N,0,0,98.70904733335868,1.8107638009000169
655,N,4,4,14.606399074057263,0.9972102624082982
656,Y,5,7,1373.3107999848962,10.973290203318957
657,Y,5,7,1373.3107999848962,10.973290203318957
658,Y,5,7,1373.3107999848962,10.973290203318957
659,Y,5,7,1373.3107999848962,10.973290203318957
660,Y,5,7,1373.3107999848962,10.973290203318957
661,Y,5,7,1373.3107999848962,10.973290203318957
662,Y,5,7,1373.3107999848962,10.973290203318957
663,N,5,5,87.17989932989857,0.02015163898328797
664,Y,5,7,1373.3107999848962,10.973290203318957
665,Y,5,7,1373.3107999848962,10.973290203318957
666,N,5,5,135.36525558400615,1.3966694299592097
667,N,0,0,273.08897662194113,0.4792293340085148
668,Y,5,7,1373.3107999848962,10.973290203318957
669,Y,5,7,1373.3107999848962,10.973290203318957
670,Y,5,7,1373.3107999848962,10.973290203318957
671,Y,4,4,148.41773095369194,8.669010873102623
672,Y,3,3,479.30880795203666,10.92009288024046
673,N,0,0,340.9827992648234,0.039195953275597044
674,Y,5,7,1373.3107999848962,10.973290203318957
675,N,0,0,650.1833624456044,2.40019706582984
676,N,4,4,51.908075868831084,1.6973765977537005
677,Y,5,7,1373.3107999848962,10.973290203318957
678,Y,5,7,1373.3107999848962,10.973290203318957
679,Y,5,7,1373.3107999848962,10.973290203318957
680,Y,5,7,1373.3107999848962,10.973290203318957
681,Y,5,7,1373.3107999848962,10.973290203318957
682,N,6,6,19.3387628752301,0.35975004734892196
683,Y,5,7,1373.3107999848962,10.973290203318957
684,N,1,1,130.56498743635873,0.41803868962940627
685,N,3,3,58.58582028213694,1.5976161568916727
686,Y,5,7,1373.3107999848962,10.973290203318957
687,Y,5,7,1373.3107999848962,10.973290203318957
688,Y,1,1,409.09421966717474,5.286947960324879
689,N,0,0,218.84571711515133,0.8934213222980742
690,N,5,5,40.05155122648514,1.3261704527647589
691,N,4,4,29.764437494829686,0.09777137552618402
692,Y,5,7,1373.3107999848962,10.973290203318957
693,Y,5,7,1373.3107999848962,10.973290203318957
694,Y,5,7,1373.3107999848962,10.973290203318957
695,Y,5,7,1373.3107999848962,10.973290203318957
696,Y,5,7,1373.3107999848962,10.973290203318957
697,Y,5,7,1373.3107999848962,10.973290203318957
698,N,4,4,29.2921562962455,0.06365487403462636
699,Y,5,7,1373.3107999848962,10.973290203318957
700,Y,5,7,1373.3107999848962,10.973290203318957
701,Y,5,7,1373.3107999848962,10.973290203318957
702,Y,5,7,1373.3107999848962,10.973290203318957
703,N,0,0,165.22579832992682,1.3028535904824168
704,Y,5,7,1373.3107999848962,10.973290203318957
705,Y,5,7,1373.3107999848962,10.973290203318957
706,Y,5,7,1373.3107999848962,10.973290203318957
707,N,0,0,277.00261054613486,0.4493455137654417
708,Y,5,7,1373.3107999848962,10.973290203318957
709,N,0,0,524.7595408333798,1.4424828258524351
710,N,2,2,200.17367636823997,0.9643140081343528
711,Y,5,7,1373.3107999848962,10.973290203318957
712,N,5,5,83.5664011397685,0.08307566767275291
713,N,4,4,30.93158018812209,0.18208306431655036
714,Y,5,7,1373.3107999848962,10.973290203318957
715,N,6,6,23.270931602893068,0.05815385923589489
716,Y,5,7,1373.3107999848962,10.973290203318957
717,Y,5,7,1373.3107999848962,10.973290203318957
718,Y,5,7,1373.3107999848962,10.973290203318957
719,Y,5,7,1373.3107999848962,10.973290203318957
720,Y,5,5,213.61858551311755,3.6321432175240376
721,N,0,0,587.8195743857375,1.9239981498972223
722,N,5,5,126.53587078472343,1.144439163247236
723,Y,5,7,1373.3107999848962,10.973290203318957
724,Y,5,7,1373.3107999848962,10.973290203318957
725,Y,5,7,1373.3107999848962,10.973290203318957
726,Y,5,7,1373.3107999848962,10.973290203318957
727,N,5,5,78.95403096461496,0.21483788960557007
728,Y,5,7,1373.3107999848962,10.973290203318957
729,N,6,6,27.247245381129623,0.24682824130845438
730,Y,5,7,1373.3107999848962,10.973290203318957
731,N,0,0,444.858140963766,0.8323697909790065
732,N,4,4,12.04391662379133,1.1823180680941197
733,Y,5,7,1373.3107999848962,10.973290203318957
734,Y,5,7,1373.3107999848962,10.973290203318957
735,Y,5,7,1373.3107999848962,10.973290203318957
736,Y,5,7,1373.3107999848962,10.973290203318957
737,Y,5,7,1373.3107999848962,10.973290203318957
738,N,5,5,101.96154113544796,0.4424208615634919
739,N,0,0,314.447633868797,0.16342190219447766
740,N,1,1,73.19849373657459,0.5847725799995839
741,Y,5,7,1373.3107999848962,10.973290203318957
742,Y,5,7,1373.3107999848962,10.973290203318957
743,Y,5,7,1373.3107999848962,10.973290203318957
744,Y,5,7,1373.3107999848962,10.973290203318957
745,N,4,4,34.23144969119536,0.42045800526495086
746,Y,5,7,1373.3107999848962,10.973290203318957
747,N,2,2,94.35437865768384,0.7440895878180661
748,N,3,3,65.15468176591101,1.3928513894886059
749,N,2,2,170.6041422495661,0.48692756244883384
750,N,0,0,298.3879474487255,0.28605084282448584
751,Y,5,7,1373.3107999848962,10.973290203318957
752,Y,5,7,1373.3107999848962,10.973290203318957
753,Y,5,7,1373.3107999848962,10.973290203318957
754,Y,5,7,1373.3107999848962,10.973290203318957
755,Y,5,7,1373.3107999848962,10.973290203318957
756,Y,5,7,1373.3107999848962,10.973290203318957
757,Y,5,7,1373.3107999848962,10.973290203318957
758,Y,5,7,1373.3107999848962,10.973290203318957
759,Y,5,7,1373.3107999848962,10.973290203318957
760,Y,5,7,1373.3107999848962,10.973290203318957
761,Y,5,7,1373.3107999848962,10.973290203318957
762,Y,5,7,1373.3107999848962,10.973290203318957
763,N,4,4,18.702739403521075,0.7013001110428952
764,N,6,6,10.709426971990487,1.0216175801571485
765,Y,5,7,1373.3107999848962,10.973290203318957
766,Y,5,7,1373.3107999848962,10.973290203318957
767,Y,5,7,1373.3107999848962,10.973290203318957
768,Y,5,7,1373.3107999848962,10.973290203318957
769,Y,5,7,1373.3107999848962,10.973290203318957
770,Y,5,7,1373.3107999848962,10.973290203318957
771,N,5,5,87.17989932989857,0.02015163898328797
772,Y,5,7,1373.3107999848962,10.973290203318957
773,N,2,2,295.4967467206211,2.5032608702905548
774,Y,5,7,1373.3107999848962,10.973290203318957
775,Y,5,7,1373.3107999848962,10.973290203318957
776,Y,5,7,1373.3107999848962,10.973290203318957
777,Y,5,7,1373.3107999848962,10.973290203318957
778,Y,5,7,1373.3107999848962,10.973290203318957
779,N,0,0,310.61591707463117,0.19268021764175264
780,Y,5,7,1373.3107999848962,10.973290203318957
781,N,5,5,87.17989932989857,0.02015163898328797
782,Y,5,7,1373.3107999848962,10.973290203318957
783,Y,5,7,1373.3107999848962,10.973290203318957
784,Y,5,7,1373.3107999848962,10.973290203318957
785,N,5,5,87.17989932989857,0.02015163898328797
786,Y,5,7,1373.3107999848962,10.973290203318957
787,Y,5,7,1373.3107999848962,10.973290203318957
788,Y,5,7,1373.3107999848962,10.973290203318957
789,Y,5,7,1373.3107999848962,10.973290203318957
790,N,3,3,110.32076504892385,0.015067252242304242
791,N,2,2,157.57386896851654,0.27655982980258753
792,N,5,5,126.53587078472343,1.144439163247236
793,Y,5,7,1373.3107999848962,10.973290203318957
794,Y,5,7,1373.3107999848962,10.973290203318957
795,Y,5,7,1373.3107999848962,10.973290203318957
796,N,5,5,74.1570166777215,0.3518748656248483
797,Y,5,7,1373.3107999848962,10.973290203318957
798,N,1,1,114.87074126420832,0.14369096651201285
799,Y,5,7,1373.3107999848962,10.973290203318957
800,N,1,1,77.51290635300352,0.5093532661362249
801,Y,5,7,1373.3107999848962,10.973290203318957
802,N,1,1,57.681522100184715,0.8560214052967748
803,Y,5,7,1373.3107999848962,10.973290203318957
804,Y,5,7,1373.3107999848962,10.973290203318957
805,N,4,4,13.486207881823669,1.0781302833518271
806,Y,5,7,1373.3107999848962,10.973290203318957
807,Y,5,7,1373.3107999848962,10.973290203318957
808,N,5,5,40.05155122648514,1.3261704527647589
809,N,6,6,36.71540578323398,0.9730333671537393
810,Y,5,7,1373.3107999848962,10.973290203318957
811,Y,5,7,1373.3107999848962,10.973290203318957
812,Y,5,7,1373.3107999848962,10.973290203318957
813,Y,5,7,1373.3107999848962,10.973290203318957
814,Y,5,7,1373.3107999848962,10.973290203318957
815,N,1,1,141.55812647633803,0.6102073756847497
816,N,0,0,359.59352973664977,0.18130421756015683
817,Y,5,7,1373.3107999848962,10.973290203318957
818,Y,5,7,1373.3107999848962,10.973290203318957
819,Y,5,7,1373.3107999848962,10.973290203318957
820,Y,5,7,1373.3107999848962,10.973290203318957
821,Y,5,7,1373.3107999848962,10.973290203318957
822,Y,5,7,1373.3107999848962,10.973290203318957
823,Y,5,7,1373.3107999848962,10.973290203318957
824,N,5,5,73.49468860970156,0.37079568389760825
825,N,2,2,104.06573363640057,0.5873042554055355
826,Y,5,7,1373.3107999848962,10.973290203318957
827,N,0,0,424.6827448503096,0.6783140150771921
828,Y,5,7,1373.3107999848962,10.973290203318957
829,N,6,6,22.85567879211725,0.09000362802942297
830,Y,5,7,1373.3107999848962,10.973290203318957
831,Y,5,7,1373.3107999848962,10.973290203318957
832,Y,5,7,1373.3107999848962,10.973290203318957
833,Y,5,7,1373.3107999848962,10.973290203318957
834,Y,5,7,1373.3107999848962,10.973290203318957
835,Y,3,2,296.28164249202104,5.811845873585467
836,N,4,4,23.247986793267856,0.3729619518769981
837,Y,5,7,1373.3107999848962,10.973290203318957
838,Y,5,7,1373.3107999848962,10.973290203318957
839,N,4,4,18.48107241814785,0.717312821393817
840,N,5,5,101.34773655294462,0.4248862204674979
841,Y,5,7,1373.3107999848962,10.973290203318957
842,Y,5,7,1373.3107999848962,10.973290203318957
843,Y,5,7,1373.3107999848962,10.973290203318957
844,Y,5,7,1373.3107999848962,10.973290203318957
845,Y,5,7,1373.3107999848962,10.973290203318957
846,N,4,4,12.882806974178449,1.121718569371678
847,Y,5,7,1373.3107999848962,10.973290203318957
848,Y,5,7,1373.3107999848962,10.973290203318957
849,Y,5,7,1373.3107999848962,10.973290203318957
850,Y,5,7,1373.3107999848962,10.973290203318957
851,Y,5,7,1373.3107999848962,10.973290203318957
852,N,4,4,38.95633945380805,0.7617731139689616
853,Y,5,7,1373.3107999848962,10.973290203318957
854,Y,5,7,1373.3107999848962,10.973290203318957
855,Y,5,7,1373.3107999848962,10.973290203318957
856,N,6,6,21.239874961183034,0.21393530794942925
857,Y,5,7,1373.3107999848962,10.973290203318957
858,Y,5,7,1373.3107999848962,10.973290203318957
859,Y,5,7,1373.3107999848962,10.973290203318957
860,Y,5,7,1373.3107999848962,10.973290203318957
861,Y,5,7,1373.3107999848962,10.973290203318957
862,Y,5,7,1373.3107999848962,10.973290203318957
863,N,4,4,47.11317630493743,1.351004142924149
864,N,5,5,58.69460164564833,0.7935918318927455
865,Y,5,7,1373.3107999848962,10.973290203318957
866,Y,5,7,1373.3107999848962,10.973290203318957
867,Y,5,7,1373.3107999848962,10.973290203318957
868,Y,5,7,1373.3107999848962,10.973290203318957
869,Y,5,7,1373.3107999848962,10.973290203318957
870,N,2,2,127.14167474610501,0.21475386408052644
871,Y,5,7,1373.3107999848962,10.973290203318957
872,Y,5,7,1373.3107999848962,10.973290203318957
873,Y,5,7,1373.3107999848962,10.973290203318957
874,Y,5,7,1373.3107999848962,10.973290203318957
875,Y,5,7,1373.3107999848962,10.973290203318957
876,Y,5,7,1373.3107999848962,10.973290203318957
877,N,6,6,16.609427675925154,0.5690892566260154
878,N,2,2,116.51802621482078,0.38626775375520805
879,N,4,4,28.811796890727436,0.028954821557479898
880,N,2,2,348.3986637757107,3.3573378419304443
881,Y,5,7,1373.3107999848962,10.973290203318957
882,Y,5,7,1373.3107999848962,10.973290203318957
883,Y,5,7,1373.3107999848962,10.973290203318957
884,Y,6,6,74.34947385925328,3.8595553505731726
885,N,4,4,15.601212435137297,0.9253472460128684
886,Y,5,7,1373.3107999848962,10.973290203318957
887,Y,5,7,1373.3107999848962,10.973290203318957
888,N,1,1,121.25981702720082,0.25537701814996455
889,Y,5,7,1373.3107999848962,10.973290203318957
890,Y,5,7,1373.3107999848962,10.973290203318957
891,Y,5,7,1373.3107999848962,10.973290203318957
892,Y,5,7,1373.3107999848962,10.973290203318957
893,N,4,4,12.716513788860999,1.1337312044753542
894,Y,5,7,1373.3107999848962,10.973290203318957
895,N,4,4,27.787507179901702,0.04503749817053976
896,Y,5,7,1373.3107999848962,10.973290203318957
897,N,2,2,204.31218288780195,1.0311282808885645
898,Y,5,7,1373.3107999848962,10.973290203318957
899,Y,5,7,1373.3107999848962,10.973290203318957
900,N,4,4,37.32022014416056,0.6435836390644145
901,Y,5,7,1373.3107999848962,10.973290203318957
902,Y,5,7,1373.3107999848962,10.973290203318957
903,N,4,4,52.27894383411246,1.7241672418204634
904,Y,5,7,1373.3107999848962,10.973290203318957
905,Y,5,7,1373.3107999848962,10.973290203318957
906,N,4,4,36.000966850603184,0.5482838323130141
907,N,5,5,101.34773655294462,0.4248862204674979
908,Y,5,7,1373.3107999848962,10.973290203318957
909,N,1,1,206.70231623979652,1.7489788681089324
910,Y,5,7,1373.3107999848962,10.973290203318957
911,N,2,2,94.48880507584622,0.7419193354997435
912,N,2,2,88.44202943193095,0.8395417302564971
913,Y,5,7,1373.3107999848962,10.973290203318957
914,Y,5,7,1373.3107999848962,10.973290203318957
915,N,1,1,115.7179661388397,0.15850112131485994
916,N,0,0,470.20323918155304,1.0259005028069959
917,Y,5,7,1373.3107999848962,10.973290203318957
918,Y,5,7,1373.3107999848962,10.973290203318957
919,Y,5,7,1373.3107999848962,10.973290203318957
920,Y,5,7,1373.3107999848962,10.973290203318957
921,Y,5,7,1373.3107999848962,10.973290203318957
922,Y,3,3,312.433153899188,6.315321321296747
923,Y,5,7,1373.3107999848962,10.973290203318957
924,N,4,4,38.954173317550485,0.7616166372955653
925,Y,5,7,1373.3107999848962,10.973290203318957
926,Y,5,7,1373.3107999848962,10.973290203318957
927,N,5,5,138.8793468148456,1.497056964148098
928,Y,5,7,1373.3107999848962,10.973290203318957
929,Y,5,7,1373.3107999848962,10.973290203318957
930,Y,5,7,1373.3107999848962,10.973290203318957
931,Y,5,7,1373.3107999848962,10.973290203318957
932,N,4,4,21.76938374837596,0.4797728161199544
933,N,0,0,161.8114853961706,1.328924683472288
934,Y,5,7,1373.3107999848962,10.973290203318957
935,Y,5,7,1373.3107999848962,10.973290203318957
936,Y,5,7,1373.3107999848962,10.973290203318957
937,Y,5,7,1373.3107999848962,10.973290203318957
938,Y,5,7,1373.3107999848962,10.973290203318957
939,N,5,5,58.69460164564833,0.7935918318927455
940,Y,5,7,1373.3107999848962,10.973290203318957
941,Y,5,7,1373.3107999848962,10.973290203318957
942,N,6,6,15.953094193979064,0.6194298421897326
943,Y,5,7,1373.3107999848962,10.973290203318957
944,Y,5,7,1373.3107999848962,10.973290203318957
945,Y,5,7,1373.3107999848962,10.973290203318957
946,Y,5,7,1373.3107999848962,10.973290203318957
947,N,6,6,17.626061726490306,0.49111372312478957
948,N,2,2,174.50586250699183,0.5499190305685618
949,Y,5,7,1373.3107999848962,10.973290203318957
950,Y,5,7,1373.3107999848962,10.973290203318957
951,N,0,0,132.43395262226113,1.5532463562719134
952,Y,5,7,1373.3107999848962,10.973290203318957
953,N,0,0,282.88657492193596,0.4044165967719315
954,N,2,2,198.20551699782482,0.9325389858220541
955,Y,5,7,1373.3107999848962,10.973290203318957
956,Y,5,7,1373.3107999848962,10.973290203318957
957,Y,3,3,332.2072065389384,6.9317187441067905
958,Y,5,7,1373.3107999848962,10.973290203318957
959,N,4,4,33.30004957544291,0.3531758150495358
960,Y,5,7,1373.3107999848962,10.973290203318957
961,Y,5,7,1373.3107999848962,10.973290203318957
962,N,5,5,40.05155122648514,1.3261704527647589
963,N,5,5,126.53587078472343,1.144439163247236
964,N,5,5,101.96154113544796,0.4424208615634919
965,N,3,3,100.32554960360001,0.2965039341589939
966,Y,5,7,1373.3107999848962,10.973290203318957
967,N,3,3,61.73171055207583,1.499552361363211
968,Y,5,7,1373.3107999848962,10.973290203318957
969,N,4,4,32.83501031535654,0.319582454445871
970,Y,5,7,1373.3107999848962,10.973290203318957
971,Y,5,7,1373.3107999848962,10.973290203318957
972,Y,5,7,1373.3107999848962,10.973290203318957
973,Y,5,7,1373.3107999848962,10.973290203318957
974,N,0,0,541.8277901518784,1.5728129753702003
975,Y,5,7,1373.3107999848962,10.973290203318957
976,Y,5,7,1373.3107999848962,10.973290203318957
977,Y,5,7,1373.3107999848962,10.973290203318957
978,Y,5,7,1373.3107999848962,10.973290203318957
979,Y,5,7,1373.3107999848962,10.973290203318957
980,Y,5,7,1373.3107999848962,10.973290203318957
981,Y,5,7,1373.3107999848962,10.973290203318957
982,Y,5,7,1373.3107999848962,10.973290203318957
983,N,6,6,27.160671048882506,0.24018801541721196
984,N,5,5,101.34773655294462,0.4248862204674979
985,Y,5,7,1373.3107999848962,10.973290203318957
986,Y,5,7,1373.3107999848962,10.973290203318957
987,N,0,0,273.1649803320602,0.47864898304697884
988,N,4,4,32.359970925135976,0.28526670756965966
989,N,3,3,130.90092537180533,0.6565926904087206
990,N,4,4,14.932990598594031,0.9736180460181667
991,N,4,4,36.14712171126255,0.5588417214194017
992,Y,5,7,1373.3107999848962,10.973290203318957
993,N,5,5,87.17989932989857,0.02015163898328797
994,Y,5,7,1373.3107999848962,10.973290203318957
995,N,0,0,169.18744104402438,1.2726031835643088
996,Y,5,7,1373.3107999848962,10.973290203318957
997,N,1,1,164.53529954489431,1.0118663687887794
998,N,5,5,87.17989932989857,0.02015163898328797
999,Y,5,7,1373.3107999848962,10.973290203318957
1000,N,5,5,110.0852070844868,0.6744907594765952
1001,N,2,2,114.07056113872842,0.42578094489734736
1002,Y,5,7,1373.3107999848962,10.973290203318957
1003,N,0,0,312.09854160845856,0.18135915749277723
1004,N,5,5,41.11560166338556,1.2957735755648672
1005,Y,5,7,1373.3107999848962,10.973290203318957
1006,Y,5,7,1373.3107999848962,10.973290203318957
1007,Y,5,7,1373.3107999848962,10.973290203318957
1008,N,3,3,121.81444593688794,0.37334865297552006
1009,Y,5,7,1373.3107999848962,10.973290203318957
1010,Y,5,7,1373.3107999848962,10.973290203318957
1011,Y,5,7,1373.3107999848962,10.973290203318957
1012,N,5,5,101.34773655294462,0.4248862204674979
1013,Y,3,3,224.28527423056462,3.567572701234657
1014,Y,5,7,1373.3107999848962,10.973290203318957
1015,Y,5,7,1373.3107999848962,10.973290203318957
1016,N,3,3,61.51299307493384,1.506370229793622
1017,N,4,4,22.219966205861965,0.4472237815003795
1018,Y,5,7,1373.3107999848962,10.973290203318957
1019,Y,5,7,1373.3107999848962,10.973290203318957
1020,N,6,6,40.09294264906228,1.2320894541366743
1021,Y,5,7,1373.3107999848962,10.973290203318957
1022,Y,5,7,1373.3107999848962,10.973290203318957
1023,Y,5,7,1373.3107999848962,10.973290203318957
1024,Y,5,7,1373.3107999848962,10.973290203318957
1025,Y,5,7,1373.3107999848962,10.973290203318957
1026,N,4,4,33.43822284759445,0.3631571326619734
1027,Y,5,7,1373.3107999848962,10.973290203318957
1028,Y,5,7,1373.3107999848962,10.973290203318957
1029,N,2,2,200.23617613715032,0.9653230379829981
1030,Y,5,7,1373.3107999848962,10.973290203318957
1031,Y,5,7,1373.3107999848962,10.973290203318957
1032,N,4,4,15.162965441953755,0.957005195220753
1033,N,5,5,41.11560166338556,1.2957735755648672
1034,Y,5,7,1373.3107999848962,10.973290203318957
1035,N,1,1,94.1394001897255,0.21870912321304503
1036,Y,5,7,1373.3107999848962,10.973290203318957
1037,Y,5,7,1373.3107999848962,10.973290203318957
1038,Y,5,7,1373.3107999848962,10.973290203318957
1039,Y,5,7,1373.3107999848962,10.973290203318957
1040,N,0,0,212.32287159633347,0.9432286233214693
1041,N,6,6,15.465462327603056,0.6568310633191354
1042,N,4,4,19.235214717015793,0.662835325907431
1043,Y,5,7,1373.3107999848962,10.973290203318957
1044,Y,5,7,1373.3107999848962,10.973290203318957
1045,N,1,1,68.08528628732476,0.6741554535789381
1046,Y,5,7,1373.3107999848962,10.973290203318957
1047,Y,5,7,1373.3107999848962,10.973290203318957
1048,Y,5,7,1373.3107999848962,10.973290203318957
1049,Y,5,7,1373.3107999848962,10.973290203318957
1050,Y,5,7,1373.3107999848962,10.973290203318957
1051,Y,5,7,1373.3107999848962,10.973290203318957
1052,Y,5,7,1373.3107999848962,10.973290203318957
1053,N,4,4,25.898812685009403,0.18147242030010272
1054,N,5,5,40.05155122648514,1.3261704527647589
1055,Y,5,7,1373.3107999848962,10.973290203318957
1056,Y,5,7,1373.3107999848962,10.973290203318957
1057,Y,5,7,1373.3107999848962,10.973290203318957
1058,Y,5,7,1373.3107999848962,10.973290203318957
1059,Y,5,7,1373.3107999848962,10.973290203318957
1060,Y,5,7,1373.3107999848962,10.973290203318957
1061,Y,5,7,1373.3107999848962,10.973290203318957
1062,N,2,2,90.5438753893584,0.8056083998574529
1063,N,4,4,16.32871404913416,0.8727942119868687
1064,Y,5,7,1373.3107999848962,10.973290203318957
1065,N,4,4,25.153362148730587,0.23532204295939943
1066,Y,5,7,1373.3107999848962,10.973290203318957
1067,Y,5,7,1373.3107999848962,10.973290203318957
1068,Y,5,7,1373.3107999848962,10.973290203318957
1069,Y,5,7,1373.3107999848962,10.973290203318957
1070,N,1,1,49.96664326014584,0.9908835337911703
1071,Y,5,7,1373.3107999848962,10.973290203318957
1072,Y,5,7,1373.3107999848962,10.973290203318957
1073,Y,5,7,1373.3107999848962,10.973290203318957
1074,Y,5,7,1373.3107999848962,10.973290203318957
1075,Y,5,7,1373.3107999848962,10.973290203318957
1076,N,0,0,288.1889008287409,0.3639289688183814
1077,Y,5,7,1373.3107999848962,10.973290203318957
1078,Y,5,7,1373.3107999848962,10.973290203318957
1079,Y,5,7,1373.3107999848962,10.973290203318957
1080,N,6,6,45.58923094308618,1.6536531542358477
1081,Y,5,7,1373.3107999848962,10.973290203318957
1082,Y,5,7,1373.3107999848962,10.973290203318957
1083,Y,5,7,1373.3107999848962,10.973290203318957
1084,Y,5,7,1373.3107999848962,10.973290203318957
1085,Y,5,7,1373.3107999848962,10.973290203318957
1086,Y,5,7,1373.3107999848962,10.973290203318957
1087,Y,5,7,1373.3107999848962,10.973290203318957
1088,N,1,1,93.28573727146664,0.2336318200641789
1089,Y,5,7,1373.3107999848962,10.973290203318957
1090,Y,5,7,1373.3107999848962,10.973290203318957
1091,Y,5,7,1373.3107999848962,10.973290203318957
1092,Y,5,7,1373.3107999848962,10.973290203318957
1093,Y,5,7,1373.3107999848962,10.973290203318957
1094,Y,5,7,1373.3107999848962,10.973290203318957
1095,Y,5,7,1373.3107999848962,10.973290203318957
1096,Y,5,7,1373.3107999848962,10.973290203318957
1097,Y,5,7,1373.3107999848962,10.973290203318957
1098,N,0,0,403.2654557122586,0.5147753624866094
1099,N,4,4,40.425480215301846,0.8679004447436527
1100,N,1,1,83.46157109431518,0.4053659443199292
1101,N,0,0,345.9001614222757,0.07674406575361001
1102,N,0,0,632.7443178170447,2.267035588546762
1103,Y,5,7,1373.3107999848962,10.973290203318957
1104,Y,5,7,1373.3107999848962,10.973290203318957
1105,N,5,5,97.28722249339741,0.3088889491388639
1106,Y,5,7,1373.3107999848962,10.973290203318957
1107,Y,5,7,1373.3107999848962,10.973290203318957
1108,Y,5,7,1373.3107999848962,10.973290203318957
1109,N,0,0,576.3424305262052,1.8363606981974414
1110,N,2,2,119.06706914304318,0.34511463519337676
1111,Y,5,7,1373.3107999848962,10.973290203318957
1112,Y,5,7,1373.3107999848962,10.973290203318957
1113,Y,5,7,1373.3107999848962,10.973290203318957
1114,Y,5,7,1373.3107999848962,10.973290203318957
1115,N,0,0,135.50002993457707,1.5298343292332601
1116,Y,5,7,1373.3107999848962,10.973290203318957
1117,Y,5,7,1373.3107999848962,10.973290203318957
1118,Y,5,7,1373.3107999848962,10.973290203318957
1119,Y,5,7,1373.3107999848962,10.973290203318957
1120,Y,5,7,1373.3107999848962,10.973290203318957
1121,Y,5,7,1373.3107999848962,10.973290203318957
1122,N,4,4,37.727884088561005,0.6730323395608265
1123,Y,5,7,1373.3107999848962,10.973290203318957
1124,Y,5,7,1373.3107999848962,10.973290203318957
1125,Y,5,7,1373.3107999848962,10.973290203318957
1126,Y,5,7,1373.3107999848962,10.973290203318957
1127,Y,5,7,1373.3107999848962,10.973290203318957
1128,N,5,5,58.69460164564833,0.7935918318927455
1129,Y,5,7,1373.3107999848962,10.973290203318957
1130,Y,5,7,1373.3107999848962,10.973290203318957
1131,Y,5,7,1373.3107999848962,10.973290203318957
1132,Y,5,7,1373.3107999848962,10.973290203318957
1133,N,4,4,16.529949062264773,0.8582574600555922
1134,Y,5,7,1373.3107999848962,10.973290203318957
1135,Y,5,7,1373.3107999848962,10.973290203318957
1136,N,5,5,80.24846805679542,0.1778595246996626
1137,Y,5,7,1373.3107999848962,10.973290203318957
1138,Y,5,7,1373.3107999848962,10.973290203318957
1139,N,0,0,184.15123295570913,1.1583423006342164
1140,N,4,4,39.29434466312847,0.7861898285502407
1141,Y,5,7,1373.3107999848962,10.973290203318957
1142,Y,5,7,1373.3107999848962,10.973290203318957
1143,Y,5,7,1373.3107999848962,10.973290203318957
1144,Y,5,7,1373.3107999848962,10.973290203318957
1145,Y,5,7,1373.3107999848962,10.973290203318957
1146,Y,5,7,1373.3107999848962,10.973290203318957
1147,Y,5,7,1373.3107999848962,10.973290203318957
1148,Y,5,7,1373.3107999848962,10.973290203318957
1149,Y,5,7,1373.3107999848962,10.973290203318957
1150,Y,5,7,1373.3107999848962,10.973290203318957
1151,N,0,0,215.53415462734628,0.9187078309563049
1152,N,5,5,198.30484984947833,3.1946735955057317
1153,N,0,0,544.1001839813417,1.5901645749414712
1154,Y,5,7,1373.3107999848962,10.973290203318957
1155,N,0,0,373.1407542546135,0.2847484410437789
1156,Y,5,7,1373.3107999848962,10.973290203318957
1157,Y,5,7,1373.3107999848962,10.973290203318957
1158,N,5,5,74.1570166777215,0.3518748656248483
1159,Y,5,7,1373.3107999848962,10.973290203318957
1160,Y,5,7,1373.3107999848962,10.973290203318957
1161,N,4,4,38.918465398297364,0.7590371797941624
1162,Y,5,7,1373.3107999848962,10.973290203318957
1163,Y,5,7,1373.3107999848962,10.973290203318957
1164,N,6,6,25.646350537948564,0.12404007637633319
1165,N,2,2,171.44579855317525,0.5005157140124067
1166,N,3,3,112.43730827064793,0.08104420754352473
1167,Y,5,7,1373.3107999848962,10.973290203318957
1168,Y,5,7,1373.3107999848962,10.973290203318957
1169,Y,5,7,1373.3107999848962,10.973290203318957
1170,Y,5,7,1373.3107999848962,10.973290203318957
1171,Y,5,7,1373.3107999848962,10.973290203318957
1172,Y,5,7,1373.3107999848962,10.973290203318957
1173,Y,5,7,1373.3107999848962,10.973290203318957
1174,N,2,2,103.8498370144231,0.5907898064658833
1175,Y,5,7,1373.3107999848962,10.973290203318957
1176,N,4,4,19.44905752212003,0.6473878162433403
1177,Y,5,7,1373.3107999848962,10.973290203318957
1178,N,5,5,41.11560166338556,1.2957735755648672
1179,N,5,5,126.53587078472343,1.144439163247236
1180,Y,5,7,1373.3107999848962,10.973290203318957
1181,Y,5,7,1373.3107999848962,10.973290203318957
1182,Y,5,7,1373.3107999848962,10.973290203318957
1183,Y,5,7,1373.3107999848962,10.973290203318957
1184,N,0,0,262.59152137314084,0.5593860558024368
1185,Y,5,7,1373.3107999848962,10.973290203318957
1186,N,1,1,110.58134991251877,0.06870904396617686
1187,Y,5,7,1373.3107999848962,10.973290203318957
1188,Y,5,7,1373.3107999848962,10.973290203318957
1189,N,0,0,286.339019748091,0.37805433535904265
1190,N,3,3,58.17324489205202,1.6104769705951811
1191,Y,5,7,1373.3107999848962,10.973290203318957
1192,Y,5,7,1373.3107999848962,10.973290203318957
1193,Y,5,7,1373.3107999848962,10.973290203318957
