sample_idx,closest_family,real_label,min_distance,min_anomaly_score
2,5,7,1373.3107999848962,10.973290203318957
3,5,7,1373.3107999848962,10.973290203318957
4,5,7,1373.3107999848962,10.973290203318957
5,5,7,1373.3107999848962,10.973290203318957
6,5,7,1373.3107999848962,10.973290203318957
7,5,7,1373.3107999848962,10.973290203318957
8,5,7,1373.3107999848962,10.973290203318957
9,5,7,1373.3107999848962,10.973290203318957
11,5,7,1373.3107999848962,10.973290203318957
12,5,7,1373.3107999848962,10.973290203318957
13,5,7,1373.3107999848962,10.973290203318957
14,5,7,1373.3107999848962,10.973290203318957
15,5,7,1373.3107999848962,10.973290203318957
16,5,7,1373.3107999848962,10.973290203318957
17,5,7,1373.3107999848962,10.973290203318957
18,5,7,1373.3107999848962,10.973290203318957
20,5,7,1373.3107999848962,10.973290203318957
21,5,7,1373.3107999848962,10.973290203318957
22,5,7,1373.3107999848962,10.973290203318957
23,5,7,1373.3107999848962,10.973290203318957
25,5,7,1373.3107999848962,10.973290203318957
26,5,7,1373.3107999848962,10.973290203318957
27,5,7,1373.3107999848962,10.973290203318957
28,5,7,1373.3107999848962,10.973290203318957
29,5,7,1373.3107999848962,10.973290203318957
30,5,7,1373.3107999848962,10.973290203318957
32,5,7,1373.3107999848962,10.973290203318957
33,5,7,1373.3107999848962,10.973290203318957
37,4,4,151.62586033974532,8.900758720174478
39,5,7,1373.3107999848962,10.973290203318957
43,5,7,1373.3107999848962,10.973290203318957
45,5,7,1373.3107999848962,10.973290203318957
47,5,7,1373.3107999848962,10.973290203318957
48,5,7,1373.3107999848962,10.973290203318957
51,5,7,1373.3107999848962,10.973290203318957
53,5,7,1373.3107999848962,10.973290203318957
55,5,7,1373.3107999848962,10.973290203318957
56,5,7,1373.3107999848962,10.973290203318957
59,5,7,1373.3107999848962,10.973290203318957
60,5,7,1373.3107999848962,10.973290203318957
61,5,7,1373.3107999848962,10.973290203318957
62,5,7,1373.3107999848962,10.973290203318957
63,5,7,1373.3107999848962,10.973290203318957
64,5,7,1373.3107999848962,10.973290203318957
65,5,7,1373.3107999848962,10.973290203318957
68,5,7,1373.3107999848962,10.973290203318957
70,5,7,1373.3107999848962,10.973290203318957
72,5,7,1373.3107999848962,10.973290203318957
73,5,7,1373.3107999848962,10.973290203318957
74,5,7,1373.3107999848962,10.973290203318957
75,5,7,1373.3107999848962,10.973290203318957
76,5,7,1373.3107999848962,10.973290203318957
77,5,7,1373.3107999848962,10.973290203318957
80,5,7,1373.3107999848962,10.973290203318957
82,5,7,1373.3107999848962,10.973290203318957
83,5,7,1373.3107999848962,10.973290203318957
84,5,7,1373.3107999848962,10.973290203318957
85,5,7,1373.3107999848962,10.973290203318957
86,5,7,1373.3107999848962,10.973290203318957
87,5,7,1373.3107999848962,10.973290203318957
88,5,7,1373.3107999848962,10.973290203318957
89,5,7,1373.3107999848962,10.973290203318957
91,5,7,1373.3107999848962,10.973290203318957
92,5,7,1373.3107999848962,10.973290203318957
95,5,7,1373.3107999848962,10.973290203318957
96,5,7,1373.3107999848962,10.973290203318957
97,5,7,1373.3107999848962,10.973290203318957
98,5,7,1373.3107999848962,10.973290203318957
100,5,7,1373.3107999848962,10.973290203318957
101,5,7,1373.3107999848962,10.973290203318957
103,5,7,1373.3107999848962,10.973290203318957
104,5,7,1373.3107999848962,10.973290203318957
106,5,7,1373.3107999848962,10.973290203318957
108,5,7,1373.3107999848962,10.973290203318957
110,5,7,1373.3107999848962,10.973290203318957
111,5,7,1373.3107999848962,10.973290203318957
112,5,7,1373.3107999848962,10.973290203318957
114,5,7,1373.3107999848962,10.973290203318957
115,5,7,1373.3107999848962,10.973290203318957
116,5,7,1373.3107999848962,10.973290203318957
117,5,7,1373.3107999848962,10.973290203318957
118,5,7,1373.3107999848962,10.973290203318957
121,5,7,1373.3107999848962,10.973290203318957
122,5,7,1373.3107999848962,10.973290203318957
123,5,7,1373.3107999848962,10.973290203318957
124,5,7,1373.3107999848962,10.973290203318957
125,5,7,1373.3107999848962,10.973290203318957
126,5,7,1373.3107999848962,10.973290203318957
127,5,7,1373.3107999848962,10.973290203318957
128,5,7,1373.3107999848962,10.973290203318957
129,5,7,1373.3107999848962,10.973290203318957
131,5,7,1373.3107999848962,10.973290203318957
134,5,7,1373.3107999848962,10.973290203318957
135,5,7,1373.3107999848962,10.973290203318957
136,5,7,1373.3107999848962,10.973290203318957
137,3,3,457.52402824832853,10.838098854632722
139,5,7,1373.3107999848962,10.973290203318957
140,5,7,1373.3107999848962,10.973290203318957
141,5,7,1373.3107999848962,10.973290203318957
143,5,7,1373.3107999848962,10.973290203318957
144,5,7,1373.3107999848962,10.973290203318957
145,5,7,1373.3107999848962,10.973290203318957
149,5,7,1373.3107999848962,10.973290203318957
150,5,7,1373.3107999848962,10.973290203318957
151,5,7,1373.3107999848962,10.973290203318957
152,5,7,1373.3107999848962,10.973290203318957
153,5,7,1373.3107999848962,10.973290203318957
155,5,7,1373.3107999848962,10.973290203318957
157,5,7,1373.3107999848962,10.973290203318957
159,5,7,1373.3107999848962,10.973290203318957
160,5,7,1373.3107999848962,10.973290203318957
161,5,7,1373.3107999848962,10.973290203318957
164,5,7,1373.3107999848962,10.973290203318957
165,5,7,1373.3107999848962,10.973290203318957
166,5,7,1373.3107999848962,10.973290203318957
167,5,7,1373.3107999848962,10.973290203318957
168,5,7,1373.3107999848962,10.973290203318957
170,5,7,1373.3107999848962,10.973290203318957
171,5,7,1373.3107999848962,10.973290203318957
172,5,7,1373.3107999848962,10.973290203318957
173,5,7,1373.3107999848962,10.973290203318957
174,5,7,1373.3107999848962,10.973290203318957
176,5,7,1373.3107999848962,10.973290203318957
177,5,7,1373.3107999848962,10.973290203318957
178,5,7,1373.3107999848962,10.973290203318957
180,5,7,1373.3107999848962,10.973290203318957
181,5,7,1373.3107999848962,10.973290203318957
182,5,7,1373.3107999848962,10.973290203318957
184,5,7,1373.3107999848962,10.973290203318957
185,5,7,1373.3107999848962,10.973290203318957
186,5,7,1373.3107999848962,10.973290203318957
187,5,7,1373.3107999848962,10.973290203318957
188,3,3,478.5141648044401,10.088091725154843
189,5,7,1373.3107999848962,10.973290203318957
191,5,7,1373.3107999848962,10.973290203318957
193,3,3,335.1083844256128,7.022154357131545
195,5,7,1373.3107999848962,10.973290203318957
198,3,3,328.200871587836,6.806833138522375
199,5,7,1373.3107999848962,10.973290203318957
201,5,7,1373.3107999848962,10.973290203318957
202,5,7,1373.3107999848962,10.973290203318957
203,5,7,1373.3107999848962,10.973290203318957
204,5,7,1373.3107999848962,10.973290203318957
206,5,7,1373.3107999848962,10.973290203318957
207,5,7,1373.3107999848962,10.973290203318957
208,5,7,1373.3107999848962,10.973290203318957
210,5,7,1373.3107999848962,10.973290203318957
212,5,7,1373.3107999848962,10.973290203318957
213,5,7,1373.3107999848962,10.973290203318957
214,5,7,1373.3107999848962,10.973290203318957
215,5,7,1373.3107999848962,10.973290203318957
217,5,7,1373.3107999848962,10.973290203318957
219,5,7,1373.3107999848962,10.973290203318957
221,5,7,1373.3107999848962,10.973290203318957
225,5,7,1373.3107999848962,10.973290203318957
226,5,7,1373.3107999848962,10.973290203318957
227,5,7,1373.3107999848962,10.973290203318957
230,5,7,1373.3107999848962,10.973290203318957
231,5,7,1373.3107999848962,10.973290203318957
232,5,7,1373.3107999848962,10.973290203318957
233,5,7,1373.3107999848962,10.973290203318957
234,5,7,1373.3107999848962,10.973290203318957
235,5,7,1373.3107999848962,10.973290203318957
237,3,3,467.52389668548494,10.922150186792322
238,5,7,1373.3107999848962,10.973290203318957
239,5,7,1373.3107999848962,10.973290203318957
241,5,7,1373.3107999848962,10.973290203318957
242,5,7,1373.3107999848962,10.973290203318957
243,5,7,1373.3107999848962,10.973290203318957
244,5,7,1373.3107999848962,10.973290203318957
247,5,7,1373.3107999848962,10.973290203318957
248,5,7,1373.3107999848962,10.973290203318957
249,5,7,1373.3107999848962,10.973290203318957
250,5,7,1373.3107999848962,10.973290203318957
252,5,7,1373.3107999848962,10.973290203318957
255,5,7,1373.3107999848962,10.973290203318957
256,5,7,1373.3107999848962,10.973290203318957
259,5,7,1373.3107999848962,10.973290203318957
260,5,7,1373.3107999848962,10.973290203318957
261,3,3,462.1515897715536,10.982349355467175
262,5,7,1373.3107999848962,10.973290203318957
263,5,7,1373.3107999848962,10.973290203318957
265,5,7,1373.3107999848962,10.973290203318957
266,5,7,1373.3107999848962,10.973290203318957
268,5,7,1373.3107999848962,10.973290203318957
270,5,7,1373.3107999848962,10.973290203318957
271,5,7,1373.3107999848962,10.973290203318957
273,5,7,1373.3107999848962,10.973290203318957
275,5,7,1373.3107999848962,10.973290203318957
277,5,7,1373.3107999848962,10.973290203318957
279,5,7,1373.3107999848962,10.973290203318957
280,5,7,1373.3107999848962,10.973290203318957
282,5,7,1373.3107999848962,10.973290203318957
284,5,7,1373.3107999848962,10.973290203318957
285,5,7,1373.3107999848962,10.973290203318957
286,5,7,1373.3107999848962,10.973290203318957
290,5,7,1373.3107999848962,10.973290203318957
291,5,7,1373.3107999848962,10.973290203318957
293,5,7,1373.3107999848962,10.973290203318957
294,5,7,1373.3107999848962,10.973290203318957
296,5,7,1373.3107999848962,10.973290203318957
298,5,7,1373.3107999848962,10.973290203318957
299,5,7,1373.3107999848962,10.973290203318957
302,5,7,1373.3107999848962,10.973290203318957
303,5,7,1373.3107999848962,10.973290203318957
304,5,7,1373.3107999848962,10.973290203318957
305,5,7,1373.3107999848962,10.973290203318957
306,5,7,1373.3107999848962,10.973290203318957
308,5,7,1373.3107999848962,10.973290203318957
309,5,7,1373.3107999848962,10.973290203318957
310,3,3,305.93096878435836,6.1126349918713885
311,5,7,1373.3107999848962,10.973290203318957
312,5,7,1373.3107999848962,10.973290203318957
313,5,7,1373.3107999848962,10.973290203318957
314,5,7,1373.3107999848962,10.973290203318957
315,5,7,1373.3107999848962,10.973290203318957
316,5,7,1373.3107999848962,10.973290203318957
319,5,7,1373.3107999848962,10.973290203318957
320,5,7,1373.3107999848962,10.973290203318957
325,5,7,1373.3107999848962,10.973290203318957
327,5,7,1373.3107999848962,10.973290203318957
329,5,7,1373.3107999848962,10.973290203318957
331,5,7,1373.3107999848962,10.973290203318957
332,5,7,1373.3107999848962,10.973290203318957
333,5,7,1373.3107999848962,10.973290203318957
335,5,7,1373.3107999848962,10.973290203318957
339,5,7,1373.3107999848962,10.973290203318957
341,5,7,1373.3107999848962,10.973290203318957
342,5,7,1373.3107999848962,10.973290203318957
343,5,7,1373.3107999848962,10.973290203318957
345,5,7,1373.3107999848962,10.973290203318957
346,5,7,1373.3107999848962,10.973290203318957
347,5,7,1373.3107999848962,10.973290203318957
348,5,7,1373.3107999848962,10.973290203318957
349,5,7,1373.3107999848962,10.973290203318957
350,5,7,1373.3107999848962,10.973290203318957
351,5,7,1373.3107999848962,10.973290203318957
353,5,7,1373.3107999848962,10.973290203318957
354,5,7,1373.3107999848962,10.973290203318957
357,5,7,1373.3107999848962,10.973290203318957
358,5,7,1373.3107999848962,10.973290203318957
359,5,7,1373.3107999848962,10.973290203318957
360,5,7,1373.3107999848962,10.973290203318957
363,5,7,1373.3107999848962,10.973290203318957
365,5,7,1373.3107999848962,10.973290203318957
366,5,7,1373.3107999848962,10.973290203318957
368,5,7,1373.3107999848962,10.973290203318957
369,5,7,1373.3107999848962,10.973290203318957
370,5,7,1373.3107999848962,10.973290203318957
371,5,7,1373.3107999848962,10.973290203318957
372,5,7,1373.3107999848962,10.973290203318957
373,5,7,1373.3107999848962,10.973290203318957
374,5,7,1373.3107999848962,10.973290203318957
375,5,7,1373.3107999848962,10.973290203318957
376,5,7,1373.3107999848962,10.973290203318957
378,5,7,1373.3107999848962,10.973290203318957
379,5,7,1373.3107999848962,10.973290203318957
380,5,7,1373.3107999848962,10.973290203318957
381,5,7,1373.3107999848962,10.973290203318957
382,5,7,1373.3107999848962,10.973290203318957
385,5,7,1373.3107999848962,10.973290203318957
386,5,7,1373.3107999848962,10.973290203318957
387,5,7,1373.3107999848962,10.973290203318957
388,5,7,1373.3107999848962,10.973290203318957
389,5,7,1373.3107999848962,10.973290203318957
390,5,7,1373.3107999848962,10.973290203318957
391,5,7,1373.3107999848962,10.973290203318957
392,5,7,1373.3107999848962,10.973290203318957
394,5,7,1373.3107999848962,10.973290203318957
395,5,7,1373.3107999848962,10.973290203318957
397,5,7,1373.3107999848962,10.973290203318957
401,5,7,1373.3107999848962,10.973290203318957
403,5,7,1373.3107999848962,10.973290203318957
404,5,7,1373.3107999848962,10.973290203318957
405,5,7,1373.3107999848962,10.973290203318957
407,5,7,1373.3107999848962,10.973290203318957
408,5,7,1373.3107999848962,10.973290203318957
409,5,7,1373.3107999848962,10.973290203318957
410,5,7,1373.3107999848962,10.973290203318957
411,5,7,1373.3107999848962,10.973290203318957
412,5,7,1373.3107999848962,10.973290203318957
413,5,7,1373.3107999848962,10.973290203318957
415,5,7,1373.3107999848962,10.973290203318957
416,5,7,1373.3107999848962,10.973290203318957
417,5,7,1373.3107999848962,10.973290203318957
419,5,7,1373.3107999848962,10.973290203318957
420,5,7,1373.3107999848962,10.973290203318957
421,5,7,1373.3107999848962,10.973290203318957
422,5,7,1373.3107999848962,10.973290203318957
423,6,6,146.60048241092457,9.401186515382507
424,5,7,1373.3107999848962,10.973290203318957
425,5,7,1373.3107999848962,10.973290203318957
426,5,7,1373.3107999848962,10.973290203318957
427,5,7,1373.3107999848962,10.973290203318957
428,5,7,1373.3107999848962,10.973290203318957
429,5,7,1373.3107999848962,10.973290203318957
430,5,7,1373.3107999848962,10.973290203318957
431,5,7,1373.3107999848962,10.973290203318957
433,5,7,1373.3107999848962,10.973290203318957
435,5,7,1373.3107999848962,10.973290203318957
436,5,7,1373.3107999848962,10.973290203318957
437,5,7,1373.3107999848962,10.973290203318957
438,5,7,1373.3107999848962,10.973290203318957
439,5,7,1373.3107999848962,10.973290203318957
440,5,7,1373.3107999848962,10.973290203318957
442,5,7,1373.3107999848962,10.973290203318957
443,5,7,1373.3107999848962,10.973290203318957
445,5,7,1373.3107999848962,10.973290203318957
446,0,0,909.5523456908529,4.380692999293126
448,5,7,1373.3107999848962,10.973290203318957
449,5,7,1373.3107999848962,10.973290203318957
450,5,7,1373.3107999848962,10.973290203318957
454,5,7,1373.3107999848962,10.973290203318957
456,5,7,1373.3107999848962,10.973290203318957
457,5,7,1373.3107999848962,10.973290203318957
458,5,7,1373.3107999848962,10.973290203318957
459,5,7,1373.3107999848962,10.973290203318957
460,5,7,1373.3107999848962,10.973290203318957
461,5,7,1373.3107999848962,10.973290203318957
462,5,7,1373.3107999848962,10.973290203318957
464,5,7,1373.3107999848962,10.973290203318957
465,5,7,1373.3107999848962,10.973290203318957
467,5,7,1373.3107999848962,10.973290203318957
468,5,7,1373.3107999848962,10.973290203318957
469,5,7,1373.3107999848962,10.973290203318957
470,5,7,1373.3107999848962,10.973290203318957
471,5,7,1373.3107999848962,10.973290203318957
472,5,7,1373.3107999848962,10.973290203318957
473,5,7,1373.3107999848962,10.973290203318957
474,5,7,1373.3107999848962,10.973290203318957
476,5,7,1373.3107999848962,10.973290203318957
477,5,7,1373.3107999848962,10.973290203318957
479,5,7,1373.3107999848962,10.973290203318957
480,5,7,1373.3107999848962,10.973290203318957
482,5,7,1373.3107999848962,10.973290203318957
483,5,7,1373.3107999848962,10.973290203318957
484,5,7,1373.3107999848962,10.973290203318957
485,5,7,1373.3107999848962,10.973290203318957
487,5,7,1373.3107999848962,10.973290203318957
490,5,7,1373.3107999848962,10.973290203318957
491,5,7,1373.3107999848962,10.973290203318957
492,5,7,1373.3107999848962,10.973290203318957
493,5,7,1373.3107999848962,10.973290203318957
494,5,7,1373.3107999848962,10.973290203318957
495,5,7,1373.3107999848962,10.973290203318957
496,5,7,1373.3107999848962,10.973290203318957
497,5,7,1373.3107999848962,10.973290203318957
498,5,7,1373.3107999848962,10.973290203318957
499,5,7,1373.3107999848962,10.973290203318957
500,5,7,1373.3107999848962,10.973290203318957
501,5,7,1373.3107999848962,10.973290203318957
503,5,7,1373.3107999848962,10.973290203318957
504,5,7,1373.3107999848962,10.973290203318957
505,5,7,1373.3107999848962,10.973290203318957
506,5,7,1373.3107999848962,10.973290203318957
511,5,7,1373.3107999848962,10.973290203318957
512,5,7,1373.3107999848962,10.973290203318957
514,5,7,1373.3107999848962,10.973290203318957
515,5,7,1373.3107999848962,10.973290203318957
517,5,7,1373.3107999848962,10.973290203318957
518,5,7,1373.3107999848962,10.973290203318957
520,5,7,1373.3107999848962,10.973290203318957
521,5,7,1373.3107999848962,10.973290203318957
522,5,7,1373.3107999848962,10.973290203318957
523,5,7,1373.3107999848962,10.973290203318957
524,5,7,1373.3107999848962,10.973290203318957
525,5,7,1373.3107999848962,10.973290203318957
526,5,7,1373.3107999848962,10.973290203318957
527,5,7,1373.3107999848962,10.973290203318957
529,5,7,1373.3107999848962,10.973290203318957
531,5,7,1373.3107999848962,10.973290203318957
532,5,7,1373.3107999848962,10.973290203318957
534,5,7,1373.3107999848962,10.973290203318957
535,5,7,1373.3107999848962,10.973290203318957
536,5,7,1373.3107999848962,10.973290203318957
539,5,7,1373.3107999848962,10.973290203318957
540,5,7,1373.3107999848962,10.973290203318957
541,5,7,1373.3107999848962,10.973290203318957
543,5,7,1373.3107999848962,10.973290203318957
544,5,7,1373.3107999848962,10.973290203318957
545,5,7,1373.3107999848962,10.973290203318957
547,5,7,1373.3107999848962,10.973290203318957
548,5,7,1373.3107999848962,10.973290203318957
549,5,7,1373.3107999848962,10.973290203318957
553,5,7,1373.3107999848962,10.973290203318957
554,5,7,1373.3107999848962,10.973290203318957
555,5,7,1373.3107999848962,10.973290203318957
558,5,7,1373.3107999848962,10.973290203318957
560,5,7,1373.3107999848962,10.973290203318957
561,5,7,1373.3107999848962,10.973290203318957
562,5,7,1373.3107999848962,10.973290203318957
564,5,7,1373.3107999848962,10.973290203318957
565,5,7,1373.3107999848962,10.973290203318957
566,5,7,1373.3107999848962,10.973290203318957
569,5,7,1373.3107999848962,10.973290203318957
570,5,7,1373.3107999848962,10.973290203318957
571,5,7,1373.3107999848962,10.973290203318957
572,5,7,1373.3107999848962,10.973290203318957
573,5,7,1373.3107999848962,10.973290203318957
574,5,7,1373.3107999848962,10.973290203318957
575,5,7,1373.3107999848962,10.973290203318957
576,5,7,1373.3107999848962,10.973290203318957
577,5,7,1373.3107999848962,10.973290203318957
578,5,7,1373.3107999848962,10.973290203318957
580,5,7,1373.3107999848962,10.973290203318957
583,5,7,1373.3107999848962,10.973290203318957
584,5,7,1373.3107999848962,10.973290203318957
585,5,7,1373.3107999848962,10.973290203318957
586,5,7,1373.3107999848962,10.973290203318957
588,5,7,1373.3107999848962,10.973290203318957
590,5,7,1373.3107999848962,10.973290203318957
593,5,7,1373.3107999848962,10.973290203318957
595,5,7,1373.3107999848962,10.973290203318957
597,5,7,1373.3107999848962,10.973290203318957
598,5,7,1373.3107999848962,10.973290203318957
599,5,7,1373.3107999848962,10.973290203318957
600,5,7,1373.3107999848962,10.973290203318957
601,5,7,1373.3107999848962,10.973290203318957
605,5,7,1373.3107999848962,10.973290203318957
606,5,7,1373.3107999848962,10.973290203318957
607,3,3,484.7876971044705,10.62797846413623
608,5,7,1373.3107999848962,10.973290203318957
609,5,7,1373.3107999848962,10.973290203318957
611,5,7,1373.3107999848962,10.973290203318957
613,5,7,1373.3107999848962,10.973290203318957
614,5,7,1373.3107999848962,10.973290203318957
615,5,7,1373.3107999848962,10.973290203318957
616,5,7,1373.3107999848962,10.973290203318957
617,5,7,1373.3107999848962,10.973290203318957
618,5,7,1373.3107999848962,10.973290203318957
619,5,7,1373.3107999848962,10.973290203318957
620,5,7,1373.3107999848962,10.973290203318957
621,5,7,1373.3107999848962,10.973290203318957
622,5,7,1373.3107999848962,10.973290203318957
623,5,7,1373.3107999848962,10.973290203318957
628,5,7,1373.3107999848962,10.973290203318957
629,5,7,1373.3107999848962,10.973290203318957
630,5,7,1373.3107999848962,10.973290203318957
631,5,7,1373.3107999848962,10.973290203318957
633,5,7,1373.3107999848962,10.973290203318957
634,5,7,1373.3107999848962,10.973290203318957
635,5,7,1373.3107999848962,10.973290203318957
636,5,7,1373.3107999848962,10.973290203318957
637,5,7,1373.3107999848962,10.973290203318957
638,5,7,1373.3107999848962,10.973290203318957
640,5,7,1373.3107999848962,10.973290203318957
642,5,7,1373.3107999848962,10.973290203318957
643,5,7,1373.3107999848962,10.973290203318957
645,5,7,1373.3107999848962,10.973290203318957
646,5,7,1373.3107999848962,10.973290203318957
647,5,7,1373.3107999848962,10.973290203318957
648,5,7,1373.3107999848962,10.973290203318957
649,5,7,1373.3107999848962,10.973290203318957
652,5,7,1373.3107999848962,10.973290203318957
653,5,7,1373.3107999848962,10.973290203318957
656,5,7,1373.3107999848962,10.973290203318957
657,5,7,1373.3107999848962,10.973290203318957
658,5,7,1373.3107999848962,10.973290203318957
659,5,7,1373.3107999848962,10.973290203318957
660,5,7,1373.3107999848962,10.973290203318957
661,5,7,1373.3107999848962,10.973290203318957
662,5,7,1373.3107999848962,10.973290203318957
664,5,7,1373.3107999848962,10.973290203318957
665,5,7,1373.3107999848962,10.973290203318957
668,5,7,1373.3107999848962,10.973290203318957
669,5,7,1373.3107999848962,10.973290203318957
670,5,7,1373.3107999848962,10.973290203318957
671,4,4,148.41773095369194,8.669010873102623
672,3,3,479.30880795203666,10.92009288024046
674,5,7,1373.3107999848962,10.973290203318957
677,5,7,1373.3107999848962,10.973290203318957
678,5,7,1373.3107999848962,10.973290203318957
679,5,7,1373.3107999848962,10.973290203318957
680,5,7,1373.3107999848962,10.973290203318957
681,5,7,1373.3107999848962,10.973290203318957
683,5,7,1373.3107999848962,10.973290203318957
686,5,7,1373.3107999848962,10.973290203318957
687,5,7,1373.3107999848962,10.973290203318957
688,1,1,409.09421966717474,5.286947960324879
692,5,7,1373.3107999848962,10.973290203318957
693,5,7,1373.3107999848962,10.973290203318957
694,5,7,1373.3107999848962,10.973290203318957
695,5,7,1373.3107999848962,10.973290203318957
696,5,7,1373.3107999848962,10.973290203318957
697,5,7,1373.3107999848962,10.973290203318957
699,5,7,1373.3107999848962,10.973290203318957
700,5,7,1373.3107999848962,10.973290203318957
701,5,7,1373.3107999848962,10.973290203318957
702,5,7,1373.3107999848962,10.973290203318957
704,5,7,1373.3107999848962,10.973290203318957
705,5,7,1373.3107999848962,10.973290203318957
706,5,7,1373.3107999848962,10.973290203318957
708,5,7,1373.3107999848962,10.973290203318957
711,5,7,1373.3107999848962,10.973290203318957
714,5,7,1373.3107999848962,10.973290203318957
716,5,7,1373.3107999848962,10.973290203318957
717,5,7,1373.3107999848962,10.973290203318957
718,5,7,1373.3107999848962,10.973290203318957
719,5,7,1373.3107999848962,10.973290203318957
720,5,5,213.61858551311755,3.6321432175240376
723,5,7,1373.3107999848962,10.973290203318957
724,5,7,1373.3107999848962,10.973290203318957
725,5,7,1373.3107999848962,10.973290203318957
726,5,7,1373.3107999848962,10.973290203318957
728,5,7,1373.3107999848962,10.973290203318957
730,5,7,1373.3107999848962,10.973290203318957
733,5,7,1373.3107999848962,10.973290203318957
734,5,7,1373.3107999848962,10.973290203318957
735,5,7,1373.3107999848962,10.973290203318957
736,5,7,1373.3107999848962,10.973290203318957
737,5,7,1373.3107999848962,10.973290203318957
741,5,7,1373.3107999848962,10.973290203318957
742,5,7,1373.3107999848962,10.973290203318957
743,5,7,1373.3107999848962,10.973290203318957
744,5,7,1373.3107999848962,10.973290203318957
746,5,7,1373.3107999848962,10.973290203318957
751,5,7,1373.3107999848962,10.973290203318957
752,5,7,1373.3107999848962,10.973290203318957
753,5,7,1373.3107999848962,10.973290203318957
754,5,7,1373.3107999848962,10.973290203318957
755,5,7,1373.3107999848962,10.973290203318957
756,5,7,1373.3107999848962,10.973290203318957
757,5,7,1373.3107999848962,10.973290203318957
758,5,7,1373.3107999848962,10.973290203318957
759,5,7,1373.3107999848962,10.973290203318957
760,5,7,1373.3107999848962,10.973290203318957
761,5,7,1373.3107999848962,10.973290203318957
762,5,7,1373.3107999848962,10.973290203318957
765,5,7,1373.3107999848962,10.973290203318957
766,5,7,1373.3107999848962,10.973290203318957
767,5,7,1373.3107999848962,10.973290203318957
768,5,7,1373.3107999848962,10.973290203318957
769,5,7,1373.3107999848962,10.973290203318957
770,5,7,1373.3107999848962,10.973290203318957
772,5,7,1373.3107999848962,10.973290203318957
774,5,7,1373.3107999848962,10.973290203318957
775,5,7,1373.3107999848962,10.973290203318957
776,5,7,1373.3107999848962,10.973290203318957
777,5,7,1373.3107999848962,10.973290203318957
778,5,7,1373.3107999848962,10.973290203318957
780,5,7,1373.3107999848962,10.973290203318957
782,5,7,1373.3107999848962,10.973290203318957
783,5,7,1373.3107999848962,10.973290203318957
784,5,7,1373.3107999848962,10.973290203318957
786,5,7,1373.3107999848962,10.973290203318957
787,5,7,1373.3107999848962,10.973290203318957
788,5,7,1373.3107999848962,10.973290203318957
789,5,7,1373.3107999848962,10.973290203318957
793,5,7,1373.3107999848962,10.973290203318957
794,5,7,1373.3107999848962,10.973290203318957
795,5,7,1373.3107999848962,10.973290203318957
797,5,7,1373.3107999848962,10.973290203318957
799,5,7,1373.3107999848962,10.973290203318957
801,5,7,1373.3107999848962,10.973290203318957
803,5,7,1373.3107999848962,10.973290203318957
804,5,7,1373.3107999848962,10.973290203318957
806,5,7,1373.3107999848962,10.973290203318957
807,5,7,1373.3107999848962,10.973290203318957
810,5,7,1373.3107999848962,10.973290203318957
811,5,7,1373.3107999848962,10.973290203318957
812,5,7,1373.3107999848962,10.973290203318957
813,5,7,1373.3107999848962,10.973290203318957
814,5,7,1373.3107999848962,10.973290203318957
817,5,7,1373.3107999848962,10.973290203318957
818,5,7,1373.3107999848962,10.973290203318957
819,5,7,1373.3107999848962,10.973290203318957
820,5,7,1373.3107999848962,10.973290203318957
821,5,7,1373.3107999848962,10.973290203318957
822,5,7,1373.3107999848962,10.973290203318957
823,5,7,1373.3107999848962,10.973290203318957
826,5,7,1373.3107999848962,10.973290203318957
828,5,7,1373.3107999848962,10.973290203318957
830,5,7,1373.3107999848962,10.973290203318957
831,5,7,1373.3107999848962,10.973290203318957
832,5,7,1373.3107999848962,10.973290203318957
833,5,7,1373.3107999848962,10.973290203318957
834,5,7,1373.3107999848962,10.973290203318957
835,3,2,296.28164249202104,5.811845873585467
837,5,7,1373.3107999848962,10.973290203318957
838,5,7,1373.3107999848962,10.973290203318957
841,5,7,1373.3107999848962,10.973290203318957
842,5,7,1373.3107999848962,10.973290203318957
843,5,7,1373.3107999848962,10.973290203318957
844,5,7,1373.3107999848962,10.973290203318957
845,5,7,1373.3107999848962,10.973290203318957
847,5,7,1373.3107999848962,10.973290203318957
848,5,7,1373.3107999848962,10.973290203318957
849,5,7,1373.3107999848962,10.973290203318957
850,5,7,1373.3107999848962,10.973290203318957
851,5,7,1373.3107999848962,10.973290203318957
853,5,7,1373.3107999848962,10.973290203318957
854,5,7,1373.3107999848962,10.973290203318957
855,5,7,1373.3107999848962,10.973290203318957
857,5,7,1373.3107999848962,10.973290203318957
858,5,7,1373.3107999848962,10.973290203318957
859,5,7,1373.3107999848962,10.973290203318957
860,5,7,1373.3107999848962,10.973290203318957
861,5,7,1373.3107999848962,10.973290203318957
862,5,7,1373.3107999848962,10.973290203318957
865,5,7,1373.3107999848962,10.973290203318957
866,5,7,1373.3107999848962,10.973290203318957
867,5,7,1373.3107999848962,10.973290203318957
868,5,7,1373.3107999848962,10.973290203318957
869,5,7,1373.3107999848962,10.973290203318957
871,5,7,1373.3107999848962,10.973290203318957
872,5,7,1373.3107999848962,10.973290203318957
873,5,7,1373.3107999848962,10.973290203318957
874,5,7,1373.3107999848962,10.973290203318957
875,5,7,1373.3107999848962,10.973290203318957
876,5,7,1373.3107999848962,10.973290203318957
881,5,7,1373.3107999848962,10.973290203318957
882,5,7,1373.3107999848962,10.973290203318957
883,5,7,1373.3107999848962,10.973290203318957
884,6,6,74.34947385925328,3.8595553505731726
886,5,7,1373.3107999848962,10.973290203318957
887,5,7,1373.3107999848962,10.973290203318957
889,5,7,1373.3107999848962,10.973290203318957
890,5,7,1373.3107999848962,10.973290203318957
891,5,7,1373.3107999848962,10.973290203318957
892,5,7,1373.3107999848962,10.973290203318957
894,5,7,1373.3107999848962,10.973290203318957
896,5,7,1373.3107999848962,10.973290203318957
898,5,7,1373.3107999848962,10.973290203318957
899,5,7,1373.3107999848962,10.973290203318957
901,5,7,1373.3107999848962,10.973290203318957
902,5,7,1373.3107999848962,10.973290203318957
904,5,7,1373.3107999848962,10.973290203318957
905,5,7,1373.3107999848962,10.973290203318957
908,5,7,1373.3107999848962,10.973290203318957
910,5,7,1373.3107999848962,10.973290203318957
913,5,7,1373.3107999848962,10.973290203318957
914,5,7,1373.3107999848962,10.973290203318957
917,5,7,1373.3107999848962,10.973290203318957
918,5,7,1373.3107999848962,10.973290203318957
919,5,7,1373.3107999848962,10.973290203318957
920,5,7,1373.3107999848962,10.973290203318957
921,5,7,1373.3107999848962,10.973290203318957
922,3,3,312.433153899188,6.315321321296747
923,5,7,1373.3107999848962,10.973290203318957
925,5,7,1373.3107999848962,10.973290203318957
926,5,7,1373.3107999848962,10.973290203318957
928,5,7,1373.3107999848962,10.973290203318957
929,5,7,1373.3107999848962,10.973290203318957
930,5,7,1373.3107999848962,10.973290203318957
931,5,7,1373.3107999848962,10.973290203318957
934,5,7,1373.3107999848962,10.973290203318957
935,5,7,1373.3107999848962,10.973290203318957
936,5,7,1373.3107999848962,10.973290203318957
937,5,7,1373.3107999848962,10.973290203318957
938,5,7,1373.3107999848962,10.973290203318957
940,5,7,1373.3107999848962,10.973290203318957
941,5,7,1373.3107999848962,10.973290203318957
943,5,7,1373.3107999848962,10.973290203318957
944,5,7,1373.3107999848962,10.973290203318957
945,5,7,1373.3107999848962,10.973290203318957
946,5,7,1373.3107999848962,10.973290203318957
949,5,7,1373.3107999848962,10.973290203318957
950,5,7,1373.3107999848962,10.973290203318957
952,5,7,1373.3107999848962,10.973290203318957
955,5,7,1373.3107999848962,10.973290203318957
956,5,7,1373.3107999848962,10.973290203318957
957,3,3,332.2072065389384,6.9317187441067905
958,5,7,1373.3107999848962,10.973290203318957
960,5,7,1373.3107999848962,10.973290203318957
961,5,7,1373.3107999848962,10.973290203318957
966,5,7,1373.3107999848962,10.973290203318957
968,5,7,1373.3107999848962,10.973290203318957
970,5,7,1373.3107999848962,10.973290203318957
971,5,7,1373.3107999848962,10.973290203318957
972,5,7,1373.3107999848962,10.973290203318957
973,5,7,1373.3107999848962,10.973290203318957
975,5,7,1373.3107999848962,10.973290203318957
976,5,7,1373.3107999848962,10.973290203318957
977,5,7,1373.3107999848962,10.973290203318957
978,5,7,1373.3107999848962,10.973290203318957
979,5,7,1373.3107999848962,10.973290203318957
980,5,7,1373.3107999848962,10.973290203318957
981,5,7,1373.3107999848962,10.973290203318957
982,5,7,1373.3107999848962,10.973290203318957
985,5,7,1373.3107999848962,10.973290203318957
986,5,7,1373.3107999848962,10.973290203318957
992,5,7,1373.3107999848962,10.973290203318957
994,5,7,1373.3107999848962,10.973290203318957
996,5,7,1373.3107999848962,10.973290203318957
999,5,7,1373.3107999848962,10.973290203318957
1002,5,7,1373.3107999848962,10.973290203318957
1005,5,7,1373.3107999848962,10.973290203318957
1006,5,7,1373.3107999848962,10.973290203318957
1007,5,7,1373.3107999848962,10.973290203318957
1009,5,7,1373.3107999848962,10.973290203318957
1010,5,7,1373.3107999848962,10.973290203318957
1011,5,7,1373.3107999848962,10.973290203318957
1013,3,3,224.28527423056462,3.567572701234657
1014,5,7,1373.3107999848962,10.973290203318957
1015,5,7,1373.3107999848962,10.973290203318957
1018,5,7,1373.3107999848962,10.973290203318957
1019,5,7,1373.3107999848962,10.973290203318957
1021,5,7,1373.3107999848962,10.973290203318957
1022,5,7,1373.3107999848962,10.973290203318957
1023,5,7,1373.3107999848962,10.973290203318957
1024,5,7,1373.3107999848962,10.973290203318957
1025,5,7,1373.3107999848962,10.973290203318957
1027,5,7,1373.3107999848962,10.973290203318957
1028,5,7,1373.3107999848962,10.973290203318957
1030,5,7,1373.3107999848962,10.973290203318957
1031,5,7,1373.3107999848962,10.973290203318957
1034,5,7,1373.3107999848962,10.973290203318957
1036,5,7,1373.3107999848962,10.973290203318957
1037,5,7,1373.3107999848962,10.973290203318957
1038,5,7,1373.3107999848962,10.973290203318957
1039,5,7,1373.3107999848962,10.973290203318957
1043,5,7,1373.3107999848962,10.973290203318957
1044,5,7,1373.3107999848962,10.973290203318957
1046,5,7,1373.3107999848962,10.973290203318957
1047,5,7,1373.3107999848962,10.973290203318957
1048,5,7,1373.3107999848962,10.973290203318957
1049,5,7,1373.3107999848962,10.973290203318957
1050,5,7,1373.3107999848962,10.973290203318957
1051,5,7,1373.3107999848962,10.973290203318957
1052,5,7,1373.3107999848962,10.973290203318957
1055,5,7,1373.3107999848962,10.973290203318957
1056,5,7,1373.3107999848962,10.973290203318957
1057,5,7,1373.3107999848962,10.973290203318957
1058,5,7,1373.3107999848962,10.973290203318957
1059,5,7,1373.3107999848962,10.973290203318957
1060,5,7,1373.3107999848962,10.973290203318957
1061,5,7,1373.3107999848962,10.973290203318957
1064,5,7,1373.3107999848962,10.973290203318957
1066,5,7,1373.3107999848962,10.973290203318957
1067,5,7,1373.3107999848962,10.973290203318957
1068,5,7,1373.3107999848962,10.973290203318957
1069,5,7,1373.3107999848962,10.973290203318957
1071,5,7,1373.3107999848962,10.973290203318957
1072,5,7,1373.3107999848962,10.973290203318957
1073,5,7,1373.3107999848962,10.973290203318957
1074,5,7,1373.3107999848962,10.973290203318957
1075,5,7,1373.3107999848962,10.973290203318957
1077,5,7,1373.3107999848962,10.973290203318957
1078,5,7,1373.3107999848962,10.973290203318957
1079,5,7,1373.3107999848962,10.973290203318957
1081,5,7,1373.3107999848962,10.973290203318957
1082,5,7,1373.3107999848962,10.973290203318957
1083,5,7,1373.3107999848962,10.973290203318957
1084,5,7,1373.3107999848962,10.973290203318957
1085,5,7,1373.3107999848962,10.973290203318957
1086,5,7,1373.3107999848962,10.973290203318957
1087,5,7,1373.3107999848962,10.973290203318957
1089,5,7,1373.3107999848962,10.973290203318957
1090,5,7,1373.3107999848962,10.973290203318957
1091,5,7,1373.3107999848962,10.973290203318957
1092,5,7,1373.3107999848962,10.973290203318957
1093,5,7,1373.3107999848962,10.973290203318957
1094,5,7,1373.3107999848962,10.973290203318957
1095,5,7,1373.3107999848962,10.973290203318957
1096,5,7,1373.3107999848962,10.973290203318957
1097,5,7,1373.3107999848962,10.973290203318957
1103,5,7,1373.3107999848962,10.973290203318957
1104,5,7,1373.3107999848962,10.973290203318957
1106,5,7,1373.3107999848962,10.973290203318957
1107,5,7,1373.3107999848962,10.973290203318957
1108,5,7,1373.3107999848962,10.973290203318957
1111,5,7,1373.3107999848962,10.973290203318957
1112,5,7,1373.3107999848962,10.973290203318957
1113,5,7,1373.3107999848962,10.973290203318957
1114,5,7,1373.3107999848962,10.973290203318957
1116,5,7,1373.3107999848962,10.973290203318957
1117,5,7,1373.3107999848962,10.973290203318957
1118,5,7,1373.3107999848962,10.973290203318957
1119,5,7,1373.3107999848962,10.973290203318957
1120,5,7,1373.3107999848962,10.973290203318957
1121,5,7,1373.3107999848962,10.973290203318957
1123,5,7,1373.3107999848962,10.973290203318957
1124,5,7,1373.3107999848962,10.973290203318957
1125,5,7,1373.3107999848962,10.973290203318957
1126,5,7,1373.3107999848962,10.973290203318957
1127,5,7,1373.3107999848962,10.973290203318957
1129,5,7,1373.3107999848962,10.973290203318957
1130,5,7,1373.3107999848962,10.973290203318957
1131,5,7,1373.3107999848962,10.973290203318957
1132,5,7,1373.3107999848962,10.973290203318957
1134,5,7,1373.3107999848962,10.973290203318957
1135,5,7,1373.3107999848962,10.973290203318957
1137,5,7,1373.3107999848962,10.973290203318957
1138,5,7,1373.3107999848962,10.973290203318957
1141,5,7,1373.3107999848962,10.973290203318957
1142,5,7,1373.3107999848962,10.973290203318957
1143,5,7,1373.3107999848962,10.973290203318957
1144,5,7,1373.3107999848962,10.973290203318957
1145,5,7,1373.3107999848962,10.973290203318957
1146,5,7,1373.3107999848962,10.973290203318957
1147,5,7,1373.3107999848962,10.973290203318957
1148,5,7,1373.3107999848962,10.973290203318957
1149,5,7,1373.3107999848962,10.973290203318957
1150,5,7,1373.3107999848962,10.973290203318957
1154,5,7,1373.3107999848962,10.973290203318957
1156,5,7,1373.3107999848962,10.973290203318957
1157,5,7,1373.3107999848962,10.973290203318957
1159,5,7,1373.3107999848962,10.973290203318957
1160,5,7,1373.3107999848962,10.973290203318957
1162,5,7,1373.3107999848962,10.973290203318957
1163,5,7,1373.3107999848962,10.973290203318957
1167,5,7,1373.3107999848962,10.973290203318957
1168,5,7,1373.3107999848962,10.973290203318957
1169,5,7,1373.3107999848962,10.973290203318957
1170,5,7,1373.3107999848962,10.973290203318957
1171,5,7,1373.3107999848962,10.973290203318957
1172,5,7,1373.3107999848962,10.973290203318957
1173,5,7,1373.3107999848962,10.973290203318957
1175,5,7,1373.3107999848962,10.973290203318957
1177,5,7,1373.3107999848962,10.973290203318957
1180,5,7,1373.3107999848962,10.973290203318957
1181,5,7,1373.3107999848962,10.973290203318957
1182,5,7,1373.3107999848962,10.973290203318957
1183,5,7,1373.3107999848962,10.973290203318957
1185,5,7,1373.3107999848962,10.973290203318957
1187,5,7,1373.3107999848962,10.973290203318957
1188,5,7,1373.3107999848962,10.973290203318957
1191,5,7,1373.3107999848962,10.973290203318957
1192,5,7,1373.3107999848962,10.973290203318957
1193,5,7,1373.3107999848962,10.973290203318957
