sample_idx,real,closest,TP,FP,precision,recall
2,7,5,1,0,1.0,0.00125
3,7,5,2,0,1.0,0.0025
4,7,5,3,0,1.0,0.00375
5,7,5,4,0,1.0,0.005
6,7,5,5,0,1.0,0.00625
7,7,5,6,0,1.0,0.0075
8,7,5,7,0,1.0,0.00875
9,7,5,8,0,1.0,0.01
11,7,5,9,0,1.0,0.01125
12,7,5,10,0,1.0,0.0125
13,7,5,11,0,1.0,0.01375
14,7,5,12,0,1.0,0.015
15,7,5,13,0,1.0,0.01625
16,7,5,14,0,1.0,0.0175
17,7,5,15,0,1.0,0.01875
18,7,5,16,0,1.0,0.02
20,7,5,17,0,1.0,0.02125
21,7,5,18,0,1.0,0.0225
22,7,5,19,0,1.0,0.02375
23,7,5,20,0,1.0,0.025
25,7,5,21,0,1.0,0.02625
26,7,5,22,0,1.0,0.0275
27,7,5,23,0,1.0,0.02875
28,7,5,24,0,1.0,0.03
29,7,5,25,0,1.0,0.03125
30,7,5,26,0,1.0,0.0325
32,7,5,27,0,1.0,0.03375
33,7,5,28,0,1.0,0.035
39,7,5,29,0,1.0,0.03625
43,7,5,30,0,1.0,0.0375
45,7,5,31,0,1.0,0.03875
47,7,5,32,0,1.0,0.04
48,7,5,33,0,1.0,0.04125
51,7,5,34,0,1.0,0.0425
53,7,5,35,0,1.0,0.04375
55,7,5,36,0,1.0,0.045
56,7,5,37,0,1.0,0.04625
59,7,5,38,0,1.0,0.0475
60,7,5,39,0,1.0,0.04875
61,7,5,40,0,1.0,0.05
62,7,5,41,0,1.0,0.05125
63,7,5,42,0,1.0,0.0525
64,7,5,43,0,1.0,0.05375
65,7,5,44,0,1.0,0.055
68,7,5,45,0,1.0,0.05625
70,7,5,46,0,1.0,0.0575
72,7,5,47,0,1.0,0.05875
73,7,5,48,0,1.0,0.06
74,7,5,49,0,1.0,0.06125
75,7,5,50,0,1.0,0.0625
76,7,5,51,0,1.0,0.06375
77,7,5,52,0,1.0,0.065
80,7,5,53,0,1.0,0.06625
82,7,5,54,0,1.0,0.0675
83,7,5,55,0,1.0,0.06875
84,7,5,56,0,1.0,0.07
85,7,5,57,0,1.0,0.07125
86,7,5,58,0,1.0,0.0725
87,7,5,59,0,1.0,0.07375
88,7,5,60,0,1.0,0.075
89,7,5,61,0,1.0,0.07625
91,7,5,62,0,1.0,0.0775
92,7,5,63,0,1.0,0.07875
95,7,5,64,0,1.0,0.08
96,7,5,65,0,1.0,0.08125
97,7,5,66,0,1.0,0.0825
98,7,5,67,0,1.0,0.08375
100,7,5,68,0,1.0,0.085
101,7,5,69,0,1.0,0.08625
103,7,5,70,0,1.0,0.0875
104,7,5,71,0,1.0,0.08875
106,7,5,72,0,1.0,0.09
108,7,5,73,0,1.0,0.09125
110,7,5,74,0,1.0,0.0925
111,7,5,75,0,1.0,0.09375
112,7,5,76,0,1.0,0.095
114,7,5,77,0,1.0,0.09625
115,7,5,78,0,1.0,0.0975
116,7,5,79,0,1.0,0.09875
117,7,5,80,0,1.0,0.1
118,7,5,81,0,1.0,0.10125
121,7,5,82,0,1.0,0.1025
122,7,5,83,0,1.0,0.10375
123,7,5,84,0,1.0,0.105
124,7,5,85,0,1.0,0.10625
125,7,5,86,0,1.0,0.1075
126,7,5,87,0,1.0,0.10875
127,7,5,88,0,1.0,0.11
128,7,5,89,0,1.0,0.11125
129,7,5,90,0,1.0,0.1125
131,7,5,91,0,1.0,0.11375
134,7,5,92,0,1.0,0.115
135,7,5,93,0,1.0,0.11625
136,7,5,94,0,1.0,0.1175
139,7,5,95,0,1.0,0.11875
140,7,5,96,0,1.0,0.12
141,7,5,97,0,1.0,0.12125
143,7,5,98,0,1.0,0.1225
144,7,5,99,0,1.0,0.12375
145,7,5,100,0,1.0,0.125
149,7,5,101,0,1.0,0.12625
150,7,5,102,0,1.0,0.1275
151,7,5,103,0,1.0,0.12875
152,7,5,104,0,1.0,0.13
153,7,5,105,0,1.0,0.13125
155,7,5,106,0,1.0,0.1325
157,7,5,107,0,1.0,0.13375
159,7,5,108,0,1.0,0.135
160,7,5,109,0,1.0,0.13625
161,7,5,110,0,1.0,0.1375
164,7,5,111,0,1.0,0.13875
165,7,5,112,0,1.0,0.14
166,7,5,113,0,1.0,0.14125
167,7,5,114,0,1.0,0.1425
168,7,5,115,0,1.0,0.14375
170,7,5,116,0,1.0,0.145
171,7,5,117,0,1.0,0.14625
172,7,5,118,0,1.0,0.1475
173,7,5,119,0,1.0,0.14875
174,7,5,120,0,1.0,0.15
176,7,5,121,0,1.0,0.15125
177,7,5,122,0,1.0,0.1525
178,7,5,123,0,1.0,0.15375
180,7,5,124,0,1.0,0.155
181,7,5,125,0,1.0,0.15625
182,7,5,126,0,1.0,0.1575
184,7,5,127,0,1.0,0.15875
185,7,5,128,0,1.0,0.16
186,7,5,129,0,1.0,0.16125
187,7,5,130,0,1.0,0.1625
189,7,5,131,0,1.0,0.16375
191,7,5,132,0,1.0,0.165
195,7,5,133,0,1.0,0.16625
199,7,5,134,0,1.0,0.1675
201,7,5,135,0,1.0,0.16875
202,7,5,136,0,1.0,0.17
203,7,5,137,0,1.0,0.17125
204,7,5,138,0,1.0,0.1725
206,7,5,139,0,1.0,0.17375
207,7,5,140,0,1.0,0.175
208,7,5,141,0,1.0,0.17625
210,7,5,142,0,1.0,0.1775
212,7,5,143,0,1.0,0.17875
213,7,5,144,0,1.0,0.18
214,7,5,145,0,1.0,0.18125
215,7,5,146,0,1.0,0.1825
217,7,5,147,0,1.0,0.18375
219,7,5,148,0,1.0,0.185
221,7,5,149,0,1.0,0.18625
225,7,5,150,0,1.0,0.1875
226,7,5,151,0,1.0,0.18875
227,7,5,152,0,1.0,0.19
230,7,5,153,0,1.0,0.19125
231,7,5,154,0,1.0,0.1925
232,7,5,155,0,1.0,0.19375
233,7,5,156,0,1.0,0.195
234,7,5,157,0,1.0,0.19625
235,7,5,158,0,1.0,0.1975
238,7,5,159,0,1.0,0.19875
239,7,5,160,0,1.0,0.2
241,7,5,161,0,1.0,0.20125
242,7,5,162,0,1.0,0.2025
243,7,5,163,0,1.0,0.20375
244,7,5,164,0,1.0,0.205
247,7,5,165,0,1.0,0.20625
248,7,5,166,0,1.0,0.2075
249,7,5,167,0,1.0,0.20875
250,7,5,168,0,1.0,0.21
252,7,5,169,0,1.0,0.21125
255,7,5,170,0,1.0,0.2125
256,7,5,171,0,1.0,0.21375
259,7,5,172,0,1.0,0.215
260,7,5,173,0,1.0,0.21625
262,7,5,174,0,1.0,0.2175
263,7,5,175,0,1.0,0.21875
265,7,5,176,0,1.0,0.22
266,7,5,177,0,1.0,0.22125
268,7,5,178,0,1.0,0.2225
270,7,5,179,0,1.0,0.22375
271,7,5,180,0,1.0,0.225
273,7,5,181,0,1.0,0.22625
275,7,5,182,0,1.0,0.2275
277,7,5,183,0,1.0,0.22875
279,7,5,184,0,1.0,0.23
280,7,5,185,0,1.0,0.23125
282,7,5,186,0,1.0,0.2325
284,7,5,187,0,1.0,0.23375
285,7,5,188,0,1.0,0.235
286,7,5,189,0,1.0,0.23625
290,7,5,190,0,1.0,0.2375
291,7,5,191,0,1.0,0.23875
293,7,5,192,0,1.0,0.24
294,7,5,193,0,1.0,0.24125
296,7,5,194,0,1.0,0.2425
298,7,5,195,0,1.0,0.24375
299,7,5,196,0,1.0,0.245
302,7,5,197,0,1.0,0.24625
303,7,5,198,0,1.0,0.2475
304,7,5,199,0,1.0,0.24875
305,7,5,200,0,1.0,0.25
306,7,5,201,0,1.0,0.25125
308,7,5,202,0,1.0,0.2525
309,7,5,203,0,1.0,0.25375
311,7,5,204,0,1.0,0.255
312,7,5,205,0,1.0,0.25625
313,7,5,206,0,1.0,0.2575
314,7,5,207,0,1.0,0.25875
315,7,5,208,0,1.0,0.26
316,7,5,209,0,1.0,0.26125
319,7,5,210,0,1.0,0.2625
320,7,5,211,0,1.0,0.26375
325,7,5,212,0,1.0,0.265
327,7,5,213,0,1.0,0.26625
329,7,5,214,0,1.0,0.2675
331,7,5,215,0,1.0,0.26875
332,7,5,216,0,1.0,0.27
333,7,5,217,0,1.0,0.27125
335,7,5,218,0,1.0,0.2725
339,7,5,219,0,1.0,0.27375
341,7,5,220,0,1.0,0.275
342,7,5,221,0,1.0,0.27625
343,7,5,222,0,1.0,0.2775
345,7,5,223,0,1.0,0.27875
346,7,5,224,0,1.0,0.28
347,7,5,225,0,1.0,0.28125
348,7,5,226,0,1.0,0.2825
349,7,5,227,0,1.0,0.28375
350,7,5,228,0,1.0,0.285
351,7,5,229,0,1.0,0.28625
353,7,5,230,0,1.0,0.2875
354,7,5,231,0,1.0,0.28875
357,7,5,232,0,1.0,0.29
358,7,5,233,0,1.0,0.29125
359,7,5,234,0,1.0,0.2925
360,7,5,235,0,1.0,0.29375
363,7,5,236,0,1.0,0.295
365,7,5,237,0,1.0,0.29625
366,7,5,238,0,1.0,0.2975
368,7,5,239,0,1.0,0.29875
369,7,5,240,0,1.0,0.3
370,7,5,241,0,1.0,0.30125
371,7,5,242,0,1.0,0.3025
372,7,5,243,0,1.0,0.30375
373,7,5,244,0,1.0,0.305
374,7,5,245,0,1.0,0.30625
375,7,5,246,0,1.0,0.3075
376,7,5,247,0,1.0,0.30875
378,7,5,248,0,1.0,0.31
379,7,5,249,0,1.0,0.31125
380,7,5,250,0,1.0,0.3125
381,7,5,251,0,1.0,0.31375
382,7,5,252,0,1.0,0.315
385,7,5,253,0,1.0,0.31625
386,7,5,254,0,1.0,0.3175
387,7,5,255,0,1.0,0.31875
388,7,5,256,0,1.0,0.32
389,7,5,257,0,1.0,0.32125
390,7,5,258,0,1.0,0.3225
391,7,5,259,0,1.0,0.32375
392,7,5,260,0,1.0,0.325
394,7,5,261,0,1.0,0.32625
395,7,5,262,0,1.0,0.3275
397,7,5,263,0,1.0,0.32875
401,7,5,264,0,1.0,0.33
403,7,5,265,0,1.0,0.33125
404,7,5,266,0,1.0,0.3325
405,7,5,267,0,1.0,0.33375
407,7,5,268,0,1.0,0.335
408,7,5,269,0,1.0,0.33625
409,7,5,270,0,1.0,0.3375
410,7,5,271,0,1.0,0.33875
411,7,5,272,0,1.0,0.34
412,7,5,273,0,1.0,0.34125
413,7,5,274,0,1.0,0.3425
415,7,5,275,0,1.0,0.34375
416,7,5,276,0,1.0,0.345
417,7,5,277,0,1.0,0.34625
419,7,5,278,0,1.0,0.3475
420,7,5,279,0,1.0,0.34875
421,7,5,280,0,1.0,0.35
422,7,5,281,0,1.0,0.35125
424,7,5,282,0,1.0,0.3525
425,7,5,283,0,1.0,0.35375
426,7,5,284,0,1.0,0.355
427,7,5,285,0,1.0,0.35625
428,7,5,286,0,1.0,0.3575
429,7,5,287,0,1.0,0.35875
430,7,5,288,0,1.0,0.36
431,7,5,289,0,1.0,0.36125
433,7,5,290,0,1.0,0.3625
435,7,5,291,0,1.0,0.36375
436,7,5,292,0,1.0,0.365
437,7,5,293,0,1.0,0.36625
438,7,5,294,0,1.0,0.3675
439,7,5,295,0,1.0,0.36875
440,7,5,296,0,1.0,0.37
442,7,5,297,0,1.0,0.37125
443,7,5,298,0,1.0,0.3725
445,7,5,299,0,1.0,0.37375
448,7,5,300,0,1.0,0.375
449,7,5,301,0,1.0,0.37625
450,7,5,302,0,1.0,0.3775
454,7,5,303,0,1.0,0.37875
456,7,5,304,0,1.0,0.38
457,7,5,305,0,1.0,0.38125
458,7,5,306,0,1.0,0.3825
459,7,5,307,0,1.0,0.38375
460,7,5,308,0,1.0,0.385
461,7,5,309,0,1.0,0.38625
462,7,5,310,0,1.0,0.3875
464,7,5,311,0,1.0,0.38875
465,7,5,312,0,1.0,0.39
467,7,5,313,0,1.0,0.39125
468,7,5,314,0,1.0,0.3925
469,7,5,315,0,1.0,0.39375
470,7,5,316,0,1.0,0.395
471,7,5,317,0,1.0,0.39625
472,7,5,318,0,1.0,0.3975
473,7,5,319,0,1.0,0.39875
474,7,5,320,0,1.0,0.4
476,7,5,321,0,1.0,0.40125
477,7,5,322,0,1.0,0.4025
479,7,5,323,0,1.0,0.40375
480,7,5,324,0,1.0,0.405
482,7,5,325,0,1.0,0.40625
483,7,5,326,0,1.0,0.4075
484,7,5,327,0,1.0,0.40875
485,7,5,328,0,1.0,0.41
487,7,5,329,0,1.0,0.41125
490,7,5,330,0,1.0,0.4125
491,7,5,331,0,1.0,0.41375
492,7,5,332,0,1.0,0.415
493,7,5,333,0,1.0,0.41625
494,7,5,334,0,1.0,0.4175
495,7,5,335,0,1.0,0.41875
496,7,5,336,0,1.0,0.42
497,7,5,337,0,1.0,0.42125
498,7,5,338,0,1.0,0.4225
499,7,5,339,0,1.0,0.42375
500,7,5,340,0,1.0,0.425
501,7,5,341,0,1.0,0.42625
503,7,5,342,0,1.0,0.4275
504,7,5,343,0,1.0,0.42875
505,7,5,344,0,1.0,0.43
506,7,5,345,0,1.0,0.43125
511,7,5,346,0,1.0,0.4325
512,7,5,347,0,1.0,0.43375
514,7,5,348,0,1.0,0.435
515,7,5,349,0,1.0,0.43625
517,7,5,350,0,1.0,0.4375
518,7,5,351,0,1.0,0.43875
520,7,5,352,0,1.0,0.44
521,7,5,353,0,1.0,0.44125
522,7,5,354,0,1.0,0.4425
523,7,5,355,0,1.0,0.44375
524,7,5,356,0,1.0,0.445
525,7,5,357,0,1.0,0.44625
526,7,5,358,0,1.0,0.4475
527,7,5,359,0,1.0,0.44875
529,7,5,360,0,1.0,0.45
531,7,5,361,0,1.0,0.45125
532,7,5,362,0,1.0,0.4525
534,7,5,363,0,1.0,0.45375
535,7,5,364,0,1.0,0.455
536,7,5,365,0,1.0,0.45625
539,7,5,366,0,1.0,0.4575
540,7,5,367,0,1.0,0.45875
541,7,5,368,0,1.0,0.46
543,7,5,369,0,1.0,0.46125
544,7,5,370,0,1.0,0.4625
545,7,5,371,0,1.0,0.46375
547,7,5,372,0,1.0,0.465
548,7,5,373,0,1.0,0.46625
549,7,5,374,0,1.0,0.4675
553,7,5,375,0,1.0,0.46875
554,7,5,376,0,1.0,0.47
555,7,5,377,0,1.0,0.47125
558,7,5,378,0,1.0,0.4725
560,7,5,379,0,1.0,0.47375
561,7,5,380,0,1.0,0.475
562,7,5,381,0,1.0,0.47625
564,7,5,382,0,1.0,0.4775
565,7,5,383,0,1.0,0.47875
566,7,5,384,0,1.0,0.48
569,7,5,385,0,1.0,0.48125
570,7,5,386,0,1.0,0.4825
571,7,5,387,0,1.0,0.48375
572,7,5,388,0,1.0,0.485
573,7,5,389,0,1.0,0.48625
574,7,5,390,0,1.0,0.4875
575,7,5,391,0,1.0,0.48875
576,7,5,392,0,1.0,0.49
577,7,5,393,0,1.0,0.49125
578,7,5,394,0,1.0,0.4925
580,7,5,395,0,1.0,0.49375
583,7,5,396,0,1.0,0.495
584,7,5,397,0,1.0,0.49625
585,7,5,398,0,1.0,0.4975
586,7,5,399,0,1.0,0.49875
588,7,5,400,0,1.0,0.5
590,7,5,401,0,1.0,0.50125
593,7,5,402,0,1.0,0.5025
595,7,5,403,0,1.0,0.50375
597,7,5,404,0,1.0,0.505
598,7,5,405,0,1.0,0.50625
599,7,5,406,0,1.0,0.5075
600,7,5,407,0,1.0,0.50875
601,7,5,408,0,1.0,0.51
605,7,5,409,0,1.0,0.51125
606,7,5,410,0,1.0,0.5125
608,7,5,411,0,1.0,0.51375
609,7,5,412,0,1.0,0.515
611,7,5,413,0,1.0,0.51625
613,7,5,414,0,1.0,0.5175
614,7,5,415,0,1.0,0.51875
615,7,5,416,0,1.0,0.52
616,7,5,417,0,1.0,0.52125
617,7,5,418,0,1.0,0.5225
618,7,5,419,0,1.0,0.52375
619,7,5,420,0,1.0,0.525
620,7,5,421,0,1.0,0.52625
621,7,5,422,0,1.0,0.5275
622,7,5,423,0,1.0,0.52875
623,7,5,424,0,1.0,0.53
628,7,5,425,0,1.0,0.53125
629,7,5,426,0,1.0,0.5325
630,7,5,427,0,1.0,0.53375
631,7,5,428,0,1.0,0.535
633,7,5,429,0,1.0,0.53625
634,7,5,430,0,1.0,0.5375
635,7,5,431,0,1.0,0.53875
636,7,5,432,0,1.0,0.54
637,7,5,433,0,1.0,0.54125
638,7,5,434,0,1.0,0.5425
640,7,5,435,0,1.0,0.54375
642,7,5,436,0,1.0,0.545
643,7,5,437,0,1.0,0.54625
645,7,5,438,0,1.0,0.5475
646,7,5,439,0,1.0,0.54875
647,7,5,440,0,1.0,0.55
648,7,5,441,0,1.0,0.55125
649,7,5,442,0,1.0,0.5525
652,7,5,443,0,1.0,0.55375
653,7,5,444,0,1.0,0.555
656,7,5,445,0,1.0,0.55625
657,7,5,446,0,1.0,0.5575
658,7,5,447,0,1.0,0.55875
659,7,5,448,0,1.0,0.56
660,7,5,449,0,1.0,0.56125
661,7,5,450,0,1.0,0.5625
662,7,5,451,0,1.0,0.56375
664,7,5,452,0,1.0,0.565
665,7,5,453,0,1.0,0.56625
668,7,5,454,0,1.0,0.5675
669,7,5,455,0,1.0,0.56875
670,7,5,456,0,1.0,0.57
674,7,5,457,0,1.0,0.57125
677,7,5,458,0,1.0,0.5725
678,7,5,459,0,1.0,0.57375
679,7,5,460,0,1.0,0.575
680,7,5,461,0,1.0,0.57625
681,7,5,462,0,1.0,0.5775
683,7,5,463,0,1.0,0.57875
686,7,5,464,0,1.0,0.58
687,7,5,465,0,1.0,0.58125
692,7,5,466,0,1.0,0.5825
693,7,5,467,0,1.0,0.58375
694,7,5,468,0,1.0,0.585
695,7,5,469,0,1.0,0.58625
696,7,5,470,0,1.0,0.5875
697,7,5,471,0,1.0,0.58875
699,7,5,472,0,1.0,0.59
700,7,5,473,0,1.0,0.59125
701,7,5,474,0,1.0,0.5925
702,7,5,475,0,1.0,0.59375
704,7,5,476,0,1.0,0.595
705,7,5,477,0,1.0,0.59625
706,7,5,478,0,1.0,0.5975
708,7,5,479,0,1.0,0.59875
711,7,5,480,0,1.0,0.6
714,7,5,481,0,1.0,0.60125
716,7,5,482,0,1.0,0.6025
717,7,5,483,0,1.0,0.60375
718,7,5,484,0,1.0,0.605
719,7,5,485,0,1.0,0.60625
723,7,5,486,0,1.0,0.6075
724,7,5,487,0,1.0,0.60875
725,7,5,488,0,1.0,0.61
726,7,5,489,0,1.0,0.61125
728,7,5,490,0,1.0,0.6125
730,7,5,491,0,1.0,0.61375
733,7,5,492,0,1.0,0.615
734,7,5,493,0,1.0,0.61625
735,7,5,494,0,1.0,0.6175
736,7,5,495,0,1.0,0.61875
737,7,5,496,0,1.0,0.62
741,7,5,497,0,1.0,0.62125
742,7,5,498,0,1.0,0.6225
743,7,5,499,0,1.0,0.62375
744,7,5,500,0,1.0,0.625
746,7,5,501,0,1.0,0.62625
751,7,5,502,0,1.0,0.6275
752,7,5,503,0,1.0,0.62875
753,7,5,504,0,1.0,0.63
754,7,5,505,0,1.0,0.63125
755,7,5,506,0,1.0,0.6325
756,7,5,507,0,1.0,0.63375
757,7,5,508,0,1.0,0.635
758,7,5,509,0,1.0,0.63625
759,7,5,510,0,1.0,0.6375
760,7,5,511,0,1.0,0.63875
761,7,5,512,0,1.0,0.64
762,7,5,513,0,1.0,0.64125
765,7,5,514,0,1.0,0.6425
766,7,5,515,0,1.0,0.64375
767,7,5,516,0,1.0,0.645
768,7,5,517,0,1.0,0.64625
769,7,5,518,0,1.0,0.6475
770,7,5,519,0,1.0,0.64875
772,7,5,520,0,1.0,0.65
774,7,5,521,0,1.0,0.65125
775,7,5,522,0,1.0,0.6525
776,7,5,523,0,1.0,0.65375
777,7,5,524,0,1.0,0.655
778,7,5,525,0,1.0,0.65625
780,7,5,526,0,1.0,0.6575
782,7,5,527,0,1.0,0.65875
783,7,5,528,0,1.0,0.66
784,7,5,529,0,1.0,0.66125
786,7,5,530,0,1.0,0.6625
787,7,5,531,0,1.0,0.66375
788,7,5,532,0,1.0,0.665
789,7,5,533,0,1.0,0.66625
793,7,5,534,0,1.0,0.6675
794,7,5,535,0,1.0,0.66875
795,7,5,536,0,1.0,0.67
797,7,5,537,0,1.0,0.67125
799,7,5,538,0,1.0,0.6725
801,7,5,539,0,1.0,0.67375
803,7,5,540,0,1.0,0.675
804,7,5,541,0,1.0,0.67625
806,7,5,542,0,1.0,0.6775
807,7,5,543,0,1.0,0.67875
810,7,5,544,0,1.0,0.68
811,7,5,545,0,1.0,0.68125
812,7,5,546,0,1.0,0.6825
813,7,5,547,0,1.0,0.68375
814,7,5,548,0,1.0,0.685
817,7,5,549,0,1.0,0.68625
818,7,5,550,0,1.0,0.6875
819,7,5,551,0,1.0,0.68875
820,7,5,552,0,1.0,0.69
821,7,5,553,0,1.0,0.69125
822,7,5,554,0,1.0,0.6925
823,7,5,555,0,1.0,0.69375
826,7,5,556,0,1.0,0.695
828,7,5,557,0,1.0,0.69625
830,7,5,558,0,1.0,0.6975
831,7,5,559,0,1.0,0.69875
832,7,5,560,0,1.0,0.7
833,7,5,561,0,1.0,0.70125
834,7,5,562,0,1.0,0.7025
837,7,5,563,0,1.0,0.70375
838,7,5,564,0,1.0,0.705
841,7,5,565,0,1.0,0.70625
842,7,5,566,0,1.0,0.7075
843,7,5,567,0,1.0,0.70875
844,7,5,568,0,1.0,0.71
845,7,5,569,0,1.0,0.71125
847,7,5,570,0,1.0,0.7125
848,7,5,571,0,1.0,0.71375
849,7,5,572,0,1.0,0.715
850,7,5,573,0,1.0,0.71625
851,7,5,574,0,1.0,0.7175
853,7,5,575,0,1.0,0.71875
854,7,5,576,0,1.0,0.72
855,7,5,577,0,1.0,0.72125
857,7,5,578,0,1.0,0.7225
858,7,5,579,0,1.0,0.72375
859,7,5,580,0,1.0,0.725
860,7,5,581,0,1.0,0.72625
861,7,5,582,0,1.0,0.7275
862,7,5,583,0,1.0,0.72875
865,7,5,584,0,1.0,0.73
866,7,5,585,0,1.0,0.73125
867,7,5,586,0,1.0,0.7325
868,7,5,587,0,1.0,0.73375
869,7,5,588,0,1.0,0.735
871,7,5,589,0,1.0,0.73625
872,7,5,590,0,1.0,0.7375
873,7,5,591,0,1.0,0.73875
874,7,5,592,0,1.0,0.74
875,7,5,593,0,1.0,0.74125
876,7,5,594,0,1.0,0.7425
881,7,5,595,0,1.0,0.74375
882,7,5,596,0,1.0,0.745
883,7,5,597,0,1.0,0.74625
886,7,5,598,0,1.0,0.7475
887,7,5,599,0,1.0,0.74875
889,7,5,600,0,1.0,0.75
890,7,5,601,0,1.0,0.75125
891,7,5,602,0,1.0,0.7525
892,7,5,603,0,1.0,0.75375
894,7,5,604,0,1.0,0.755
896,7,5,605,0,1.0,0.75625
898,7,5,606,0,1.0,0.7575
899,7,5,607,0,1.0,0.75875
901,7,5,608,0,1.0,0.76
902,7,5,609,0,1.0,0.76125
904,7,5,610,0,1.0,0.7625
905,7,5,611,0,1.0,0.76375
908,7,5,612,0,1.0,0.765
910,7,5,613,0,1.0,0.76625
913,7,5,614,0,1.0,0.7675
914,7,5,615,0,1.0,0.76875
917,7,5,616,0,1.0,0.77
918,7,5,617,0,1.0,0.77125
919,7,5,618,0,1.0,0.7725
920,7,5,619,0,1.0,0.77375
921,7,5,620,0,1.0,0.775
923,7,5,621,0,1.0,0.77625
925,7,5,622,0,1.0,0.7775
926,7,5,623,0,1.0,0.77875
928,7,5,624,0,1.0,0.78
929,7,5,625,0,1.0,0.78125
930,7,5,626,0,1.0,0.7825
931,7,5,627,0,1.0,0.78375
934,7,5,628,0,1.0,0.785
935,7,5,629,0,1.0,0.78625
936,7,5,630,0,1.0,0.7875
937,7,5,631,0,1.0,0.78875
938,7,5,632,0,1.0,0.79
940,7,5,633,0,1.0,0.79125
941,7,5,634,0,1.0,0.7925
943,7,5,635,0,1.0,0.79375
944,7,5,636,0,1.0,0.795
945,7,5,637,0,1.0,0.79625
946,7,5,638,0,1.0,0.7975
949,7,5,639,0,1.0,0.79875
950,7,5,640,0,1.0,0.8
952,7,5,641,0,1.0,0.80125
955,7,5,642,0,1.0,0.8025
956,7,5,643,0,1.0,0.80375
958,7,5,644,0,1.0,0.805
960,7,5,645,0,1.0,0.80625
961,7,5,646,0,1.0,0.8075
966,7,5,647,0,1.0,0.80875
968,7,5,648,0,1.0,0.81
970,7,5,649,0,1.0,0.81125
971,7,5,650,0,1.0,0.8125
972,7,5,651,0,1.0,0.81375
973,7,5,652,0,1.0,0.815
975,7,5,653,0,1.0,0.81625
976,7,5,654,0,1.0,0.8175
977,7,5,655,0,1.0,0.81875
978,7,5,656,0,1.0,0.82
979,7,5,657,0,1.0,0.82125
980,7,5,658,0,1.0,0.8225
981,7,5,659,0,1.0,0.82375
982,7,5,660,0,1.0,0.825
985,7,5,661,0,1.0,0.82625
986,7,5,662,0,1.0,0.8275
992,7,5,663,0,1.0,0.82875
994,7,5,664,0,1.0,0.83
996,7,5,665,0,1.0,0.83125
999,7,5,666,0,1.0,0.8325
1002,7,5,667,0,1.0,0.83375
1005,7,5,668,0,1.0,0.835
1006,7,5,669,0,1.0,0.83625
1007,7,5,670,0,1.0,0.8375
1009,7,5,671,0,1.0,0.83875
1010,7,5,672,0,1.0,0.84
1011,7,5,673,0,1.0,0.84125
1014,7,5,674,0,1.0,0.8425
1015,7,5,675,0,1.0,0.84375
1018,7,5,676,0,1.0,0.845
1019,7,5,677,0,1.0,0.84625
1021,7,5,678,0,1.0,0.8475
1022,7,5,679,0,1.0,0.84875
1023,7,5,680,0,1.0,0.85
1024,7,5,681,0,1.0,0.85125
1025,7,5,682,0,1.0,0.8525
1027,7,5,683,0,1.0,0.85375
1028,7,5,684,0,1.0,0.855
1030,7,5,685,0,1.0,0.85625
1031,7,5,686,0,1.0,0.8575
1034,7,5,687,0,1.0,0.85875
1036,7,5,688,0,1.0,0.86
1037,7,5,689,0,1.0,0.86125
1038,7,5,690,0,1.0,0.8625
1039,7,5,691,0,1.0,0.86375
1043,7,5,692,0,1.0,0.865
1044,7,5,693,0,1.0,0.86625
1046,7,5,694,0,1.0,0.8675
1047,7,5,695,0,1.0,0.86875
1048,7,5,696,0,1.0,0.87
1049,7,5,697,0,1.0,0.87125
1050,7,5,698,0,1.0,0.8725
1051,7,5,699,0,1.0,0.87375
1052,7,5,700,0,1.0,0.875
1055,7,5,701,0,1.0,0.87625
1056,7,5,702,0,1.0,0.8775
1057,7,5,703,0,1.0,0.87875
1058,7,5,704,0,1.0,0.88
1059,7,5,705,0,1.0,0.88125
1060,7,5,706,0,1.0,0.8825
1061,7,5,707,0,1.0,0.88375
1064,7,5,708,0,1.0,0.885
1066,7,5,709,0,1.0,0.88625
1067,7,5,710,0,1.0,0.8875
1068,7,5,711,0,1.0,0.88875
1069,7,5,712,0,1.0,0.89
1071,7,5,713,0,1.0,0.89125
1072,7,5,714,0,1.0,0.8925
1073,7,5,715,0,1.0,0.89375
1074,7,5,716,0,1.0,0.895
1075,7,5,717,0,1.0,0.89625
1077,7,5,718,0,1.0,0.8975
1078,7,5,719,0,1.0,0.89875
1079,7,5,720,0,1.0,0.9
1081,7,5,721,0,1.0,0.90125
1082,7,5,722,0,1.0,0.9025
1083,7,5,723,0,1.0,0.90375
1084,7,5,724,0,1.0,0.905
1085,7,5,725,0,1.0,0.90625
1086,7,5,726,0,1.0,0.9075
1087,7,5,727,0,1.0,0.90875
1089,7,5,728,0,1.0,0.91
1090,7,5,729,0,1.0,0.91125
1091,7,5,730,0,1.0,0.9125
1092,7,5,731,0,1.0,0.91375
1093,7,5,732,0,1.0,0.915
1094,7,5,733,0,1.0,0.91625
1095,7,5,734,0,1.0,0.9175
1096,7,5,735,0,1.0,0.91875
1097,7,5,736,0,1.0,0.92
1103,7,5,737,0,1.0,0.92125
1104,7,5,738,0,1.0,0.9225
1106,7,5,739,0,1.0,0.92375
1107,7,5,740,0,1.0,0.925
1108,7,5,741,0,1.0,0.92625
1111,7,5,742,0,1.0,0.9275
1112,7,5,743,0,1.0,0.92875
1113,7,5,744,0,1.0,0.93
1114,7,5,745,0,1.0,0.93125
1116,7,5,746,0,1.0,0.9325
1117,7,5,747,0,1.0,0.93375
1118,7,5,748,0,1.0,0.935
1119,7,5,749,0,1.0,0.93625
1120,7,5,750,0,1.0,0.9375
1121,7,5,751,0,1.0,0.93875
1123,7,5,752,0,1.0,0.94
1124,7,5,753,0,1.0,0.94125
1125,7,5,754,0,1.0,0.9425
1126,7,5,755,0,1.0,0.94375
1127,7,5,756,0,1.0,0.945
1129,7,5,757,0,1.0,0.94625
1130,7,5,758,0,1.0,0.9475
1131,7,5,759,0,1.0,0.94875
1132,7,5,760,0,1.0,0.95
1134,7,5,761,0,1.0,0.95125
1135,7,5,762,0,1.0,0.9525
1137,7,5,763,0,1.0,0.95375
1138,7,5,764,0,1.0,0.955
1141,7,5,765,0,1.0,0.95625
1142,7,5,766,0,1.0,0.9575
1143,7,5,767,0,1.0,0.95875
1144,7,5,768,0,1.0,0.96
1145,7,5,769,0,1.0,0.96125
1146,7,5,770,0,1.0,0.9625
1147,7,5,771,0,1.0,0.96375
1148,7,5,772,0,1.0,0.965
1149,7,5,773,0,1.0,0.96625
1150,7,5,774,0,1.0,0.9675
1154,7,5,775,0,1.0,0.96875
1156,7,5,776,0,1.0,0.97
1157,7,5,777,0,1.0,0.97125
1159,7,5,778,0,1.0,0.9725
1160,7,5,779,0,1.0,0.97375
1162,7,5,780,0,1.0,0.975
1163,7,5,781,0,1.0,0.97625
1167,7,5,782,0,1.0,0.9775
1168,7,5,783,0,1.0,0.97875
1169,7,5,784,0,1.0,0.98
1170,7,5,785,0,1.0,0.98125
1171,7,5,786,0,1.0,0.9825
1172,7,5,787,0,1.0,0.98375
1173,7,5,788,0,1.0,0.985
1175,7,5,789,0,1.0,0.98625
1177,7,5,790,0,1.0,0.9875
1180,7,5,791,0,1.0,0.98875
1181,7,5,792,0,1.0,0.99
1182,7,5,793,0,1.0,0.99125
1183,7,5,794,0,1.0,0.9925
1185,7,5,795,0,1.0,0.99375
1187,7,5,796,0,1.0,0.995
1188,7,5,797,0,1.0,0.99625
1191,7,5,798,0,1.0,0.9975
1192,7,5,799,0,1.0,0.99875
1193,7,5,800,0,1.0,1.0
446,0,0,800,1,0.9987515605493134,1.0
607,3,3,800,2,0.9975062344139651,1.0
672,3,3,800,3,0.9962640099626401,1.0
188,3,3,800,4,0.9950248756218906,1.0
237,3,3,800,5,0.9937888198757764,1.0
261,3,3,800,6,0.9925558312655087,1.0
137,3,3,800,7,0.9913258983890955,1.0
688,1,1,800,8,0.9900990099009901,1.0
193,3,3,800,9,0.9888751545117429,1.0
957,3,3,800,10,0.9876543209876543,1.0
198,3,3,800,11,0.9864364981504316,1.0
922,3,3,800,12,0.9852216748768473,1.0
310,3,3,800,13,0.984009840098401,1.0
835,2,3,800,14,0.9828009828009828,1.0
1013,3,3,800,15,0.9815950920245399,1.0
720,5,5,800,16,0.9803921568627451,1.0
37,4,4,800,17,0.9791921664626683,1.0
671,4,4,800,18,0.9779951100244498,1.0
423,6,6,800,19,0.9768009768009768,1.0
884,6,6,800,20,0.975609756097561,1.0


Total: 820
best inspection count: 800, percent: 0.975609756097561
best performance -- precision: 100.00%, recall: 100.00%                f1: 100.00%
